,quarter,department,day,team,targeted_productivity,smv,wip,over_time,incentive,idle_time,idle_men,no_of_style_change,no_of_workers,actual_productivity,month,day_of_month
0,Quarter1,sweing,Thursday,8,0.8,26.16,1108.0,7080,98,0.0,0,0,59.0,0.940725424,1,1
1,Quarter1,finishing,Thursday,1,0.75,3.94,,960,0,0.0,0,0,8.0,0.8865,1,1
2,Quarter1,sweing,Thursday,11,0.8,11.41,968.0,3660,50,0.0,0,0,30.5,0.800570492,1,1
3,Quarter1,sweing,Thursday,12,0.8,11.41,968.0,3660,50,0.0,0,0,30.5,0.800570492,1,1
4,Quarter1,sweing,Thursday,6,0.8,25.9,1170.0,1920,50,0.0,0,0,56.0,0.800381944,1,1
5,Quarter1,sweing,Thursday,7,0.8,25.9,984.0,6720,38,0.0,0,0,56.0,0.800125,1,1
6,Quarter1,finishing,Thursday,2,0.75,3.94,,960,0,0.0,0,0,8.0,0.755166667,1,1
7,Quarter1,sweing,Thursday,3,0.75,28.08,795.0,6900,45,0.0,0,0,57.5,0.753683478,1,1
8,Quarter1,sweing,Thursday,2,0.75,19.87,733.0,6000,34,0.0,0,0,55.0,0.753097531,1,1
9,Quarter1,sweing,Thursday,1,0.75,28.08,681.0,6900,45,0.0,0,0,57.5,0.750427826,1,1
10,Quarter1,sweing,Thursday,9,0.7,28.08,872.0,6900,44,0.0,0,0,57.5,0.721126957,1,1
11,Quarter1,sweing,Thursday,10,0.75,19.31,578.0,6480,45,0.0,0,0,54.0,0.712205247,1,1
12,Quarter1,sweing,Thursday,5,0.8,11.41,668.0,3660,50,0.0,0,0,30.5,0.707045902,1,1
13,Quarter1,finishing,Thursday,10,0.65,3.94,,960,0,0.0,0,0,8.0,0.705916667,1,1
14,Quarter1,finishing,Thursday,8,0.75,2.9,,960,0,0.0,0,0,8.0,0.676666667,1,1
15,Quarter1,finishing,Thursday,4,0.75,3.94,,2160,0,0.0,0,0,18.0,0.593055556,1,1
16,Quarter1,finishing,Thursday,7,0.8,2.9,,960,0,0.0,0,0,8.0,0.540729167,1,1
17,Quarter1,sweing,Thursday,4,0.65,23.69,861.0,7200,0,0.0,0,0,60.0,0.52118,1,1
18,Quarter1,finishing,Thursday,11,0.7,4.15,,1440,0,0.0,0,0,12.0,0.436326389,1,1
19,Quarter1,finishing,Saturday,4,0.8,4.15,,6600,0,0.0,0,0,20.0,0.988024691,1,3
20,Quarter1,finishing,Saturday,11,0.75,2.9,,5640,0,0.0,0,0,17.0,0.987880435,1,3
21,Quarter1,finishing,Saturday,9,0.8,4.15,,960,0,0.0,0,0,8.0,0.956270833,1,3
22,Quarter1,finishing,Saturday,3,0.75,3.94,,1560,0,0.0,0,0,8.0,0.945277778,1,3
23,Quarter1,finishing,Saturday,1,0.8,3.94,,960,0,0.0,0,0,8.0,0.902916667,1,3
24,Quarter1,sweing,Saturday,1,0.8,28.08,772.0,6300,50,0.0,0,0,56.5,0.800725314,1,3
25,Quarter1,sweing,Saturday,3,0.8,28.08,913.0,6540,50,0.0,0,0,54.5,0.800322936,1,3
26,Quarter1,sweing,Saturday,8,0.8,26.16,1261.0,7080,50,0.0,0,0,59.0,0.800318644,1,3
27,Quarter1,sweing,Saturday,12,0.8,26.16,844.0,7080,63,0.0,0,0,59.0,0.800318644,1,3
28,Quarter1,sweing,Saturday,11,0.8,11.61,1005.0,7080,50,0.0,0,0,29.5,0.800237288,1,3
29,Quarter1,sweing,Saturday,5,0.8,11.61,659.0,7080,50,0.0,0,0,31.5,0.800148649,1,3
30,Quarter1,sweing,Saturday,6,0.8,25.9,1152.0,6720,50,0.0,0,0,56.0,0.800125,1,3
31,Quarter1,sweing,Saturday,7,0.8,25.9,1138.0,6720,38,0.0,0,0,56.0,0.800125,1,3
32,Quarter1,sweing,Saturday,10,0.75,19.31,610.0,6480,56,0.0,0,0,54.0,0.787299691,1,3
33,Quarter1,finishing,Saturday,2,0.8,4.15,,960,0,0.0,0,0,8.0,0.782447917,1,3
34,Quarter1,sweing,Saturday,2,0.75,19.87,944.0,6600,45,0.0,0,0,55.0,0.75024303,1,3
35,Quarter1,finishing,Saturday,10,0.7,4.15,,960,0,0.0,0,0,8.0,0.7018125,1,3
36,Quarter1,sweing,Saturday,4,0.7,23.69,544.0,13800,0,0.0,0,0,60.0,0.700134038,1,3
37,Quarter1,sweing,Saturday,9,0.7,28.08,1072.0,6900,40,0.0,0,0,57.5,0.699965217,1,3
38,Quarter1,finishing,Saturday,8,0.8,2.9,,960,0,0.0,0,0,8.0,0.628333333,1,3
39,Quarter1,finishing,Saturday,7,0.8,3.94,,960,0,0.0,0,0,8.0,0.6253125,1,3
40,Quarter1,finishing,Sunday,3,0.75,4.15,,1560,0,0.0,0,0,8.0,0.991388889,1,4
41,Quarter1,finishing,Sunday,9,0.8,3.94,,960,0,0.0,0,0,8.0,0.931645833,1,4
42,Quarter1,finishing,Sunday,1,0.8,3.94,,960,0,0.0,0,0,8.0,0.915229167,1,4
43,Quarter1,sweing,Sunday,6,0.8,11.61,539.0,6975,50,0.0,0,0,31.0,0.879714482,1,4
44,Quarter1,finishing,Sunday,4,0.8,3.94,,6600,0,0.0,0,0,20.0,0.861679012,1,4
45,Quarter1,sweing,Sunday,9,0.8,26.16,1278.0,7080,60,0.0,0,0,59.0,0.850569492,1,4
46,Quarter1,sweing,Sunday,7,0.8,25.9,1227.0,7020,60,0.0,0,0,56.5,0.850436438,1,4
47,Quarter1,sweing,Sunday,8,0.8,25.9,1039.0,6780,45,0.0,0,0,56.5,0.850345133,1,4
48,Quarter1,sweing,Sunday,4,0.8,28.08,878.0,4260,50,0.0,0,0,55.5,0.800598058,1,4
49,Quarter1,sweing,Sunday,1,0.8,26.16,1033.0,7080,63,0.0,0,0,59.0,0.800318644,1,4
50,Quarter1,sweing,Sunday,2,0.8,28.08,782.0,6660,50,0.0,0,0,55.5,0.800237838,1,4
51,Quarter1,sweing,Sunday,12,0.8,11.61,1216.0,6975,50,0.0,0,0,31.0,0.800030199,1,4
52,Quarter1,finishing,Sunday,2,0.8,3.94,,960,0,0.0,0,0,8.0,0.792104167,1,4
53,Quarter1,finishing,Sunday,10,0.7,3.94,,4320,0,0.0,0,0,18.0,0.759228395,1,4
54,Quarter1,sweing,Sunday,11,0.75,19.31,513.0,6480,45,0.0,0,0,54.0,0.750348457,1,4
55,Quarter1,sweing,Sunday,3,0.75,19.87,734.0,6600,45,0.0,0,0,55.0,0.75024303,1,4
56,Quarter1,sweing,Sunday,10,0.7,28.08,1202.0,6900,40,0.0,0,0,57.5,0.699965217,1,4
57,Quarter1,finishing,Sunday,8,0.8,2.9,,960,0,0.0,0,0,8.0,0.682708333,1,4
58,Quarter1,finishing,Sunday,7,0.8,2.9,,960,0,0.0,0,0,8.0,0.667604167,1,4
59,Quarter1,sweing,Sunday,5,0.7,45.67,884.0,6960,26,0.0,0,0,58.0,0.603432184,1,4
60,Quarter1,finishing,Sunday,11,0.75,4.15,,960,0,0.0,0,0,8.0,0.345833333,1,4
61,Quarter1,finishing,Monday,1,0.8,3.94,,1920,0,0.0,0,0,8.0,0.961059028,1,5
62,Quarter1,finishing,Monday,11,0.8,3.94,,2400,0,0.0,0,0,10.0,0.939513889,1,5
63,Quarter1,finishing,Monday,4,0.8,3.94,,3840,0,0.0,0,0,16.0,0.893663194,1,5
64,Quarter1,finishing,Monday,3,0.75,4.15,,1920,0,0.0,0,0,8.0,0.875390625,1,5
65,Quarter1,sweing,Monday,9,0.8,26.16,1227.0,7080,75,0.0,0,0,59.0,0.850569492,1,5
66,Quarter1,finishing,Monday,9,0.8,2.9,,1920,0,0.0,0,0,8.0,0.820833333,1,5
67,Quarter1,finishing,Monday,2,0.8,3.94,,960,0,0.0,0,0,8.0,0.804416667,1,5
68,Quarter1,sweing,Monday,7,0.8,25.9,1255.0,6780,50,0.0,0,0,56.5,0.800684366,1,5
69,Quarter1,sweing,Monday,8,0.8,25.9,1047.0,6780,38,0.0,0,0,56.5,0.800684366,1,5
70,Quarter1,sweing,Monday,1,0.8,26.16,1138.0,7080,63,0.0,0,0,59.0,0.800318644,1,5
71,Quarter1,sweing,Monday,11,0.8,19.31,678.0,4800,50,0.0,0,0,55.0,0.800250962,1,5
72,Quarter1,sweing,Monday,6,0.8,11.61,712.0,7200,50,0.0,0,0,32.0,0.800246011,1,5
73,Quarter1,sweing,Monday,12,0.8,11.61,1037.0,7200,50,0.0,0,0,32.0,0.800246011,1,5
74,Quarter1,sweing,Monday,2,0.8,28.08,757.0,6900,50,0.0,0,0,57.5,0.800076522,1,5
75,Quarter1,sweing,Monday,4,0.8,28.08,759.0,6900,50,0.0,0,0,57.5,0.800076522,1,5
76,Quarter1,finishing,Monday,10,0.75,2.9,,960,0,0.0,0,0,8.0,0.763375,1,5
77,Quarter1,finishing,Monday,5,0.6,2.9,,960,0,0.0,0,0,8.0,0.759270833,1,5
78,Quarter1,sweing,Monday,10,0.75,28.08,1083.0,7020,45,0.0,0,0,58.5,0.7504,1,5
79,Quarter1,sweing,Monday,3,0.75,19.87,944.0,6600,45,0.0,0,0,55.0,0.75024303,1,5
80,Quarter1,finishing,Monday,7,0.8,3.94,,960,0,0.0,0,0,8.0,0.676666667,1,5
81,Quarter1,finishing,Monday,8,0.8,2.9,,960,0,0.0,0,0,8.0,0.664583333,1,5
82,Quarter1,sweing,Monday,5,0.6,21.98,666.0,6960,23,0.0,0,0,58.0,0.600028736,1,5
83,Quarter1,finishing,Tuesday,4,0.8,3.94,,4440,0,0.0,0,0,18.0,0.966781346,1,6
84,Quarter1,finishing,Tuesday,1,0.8,3.94,,1440,0,0.0,0,0,8.0,0.936496212,1,6
85,Quarter1,finishing,Tuesday,3,0.75,4.15,,1800,0,0.0,0,0,10.0,0.899166667,1,6
86,Quarter1,finishing,Tuesday,11,0.8,4.15,,2700,0,0.0,0,0,15.0,0.888686869,1,6
87,Quarter1,finishing,Tuesday,9,0.8,3.94,,1440,0,0.0,0,0,8.0,0.858143939,1,6
88,Quarter1,sweing,Tuesday,1,0.8,26.16,1187.0,10620,75,0.0,0,0,59.0,0.850502311,1,6
89,Quarter1,sweing,Tuesday,9,0.8,26.16,1305.0,10620,75,0.0,0,0,59.0,0.850502311,1,6
90,Quarter1,finishing,Tuesday,10,0.75,3.94,,1440,0,0.0,0,0,8.0,0.809640152,1,6
91,Quarter1,finishing,Tuesday,2,0.8,3.94,,1440,0,0.0,0,0,8.0,0.805909091,1,6
92,Quarter1,sweing,Tuesday,2,0.8,28.08,716.0,10350,50,0.0,0,0,57.5,0.800594466,1,6
93,Quarter1,sweing,Tuesday,4,0.8,28.08,925.0,10350,50,0.0,0,0,57.5,0.800594466,1,6
94,Quarter1,sweing,Tuesday,3,0.8,19.87,963.0,9900,50,0.0,0,0,55.0,0.800273829,1,6
95,Quarter1,sweing,Tuesday,12,0.8,11.61,1101.0,5310,50,0.0,0,0,31.5,0.800140969,1,6
96,Quarter1,sweing,Tuesday,7,0.8,25.9,1035.0,10170,38,0.0,0,0,56.5,0.800128721,1,6
97,Quarter1,sweing,Tuesday,8,0.8,25.9,1083.0,10170,38,0.0,0,0,56.5,0.800128721,1,6
98,Quarter1,sweing,Tuesday,6,0.8,11.61,910.0,4470,38,0.0,0,0,31.5,0.80007657,1,6
99,Quarter1,sweing,Tuesday,10,0.75,28.08,1209.0,10530,45,0.0,0,0,58.5,0.750545455,1,6
100,Quarter1,sweing,Tuesday,11,0.75,19.31,590.0,9900,45,0.0,0,0,55.0,0.750057851,1,6
101,Quarter1,finishing,Tuesday,8,0.8,2.9,,1440,0,0.0,0,0,8.0,0.681060606,1,6
102,Quarter1,sweing,Tuesday,5,0.65,21.98,808.0,10440,35,0.0,0,0,58.0,0.649983281,1,6
103,Quarter1,finishing,Tuesday,7,0.8,2.9,,1440,0,0.0,0,0,8.0,0.61625,1,6
104,Quarter1,finishing,Wednesday,1,0.8,3.94,,1440,0,0.0,0,0,8.0,0.951420455,1,7
105,Quarter1,finishing,Wednesday,9,0.8,3.94,,1440,0,0.0,0,0,8.0,0.880530303,1,7
106,Quarter1,sweing,Wednesday,1,0.8,26.16,1179.0,10620,75,0.0,0,0,59.0,0.850502311,1,7
107,Quarter1,sweing,Wednesday,9,0.8,26.16,1324.0,10620,75,0.0,0,0,59.0,0.850502311,1,7
108,Quarter1,sweing,Wednesday,8,0.8,25.9,1135.0,10170,60,0.0,0,0,56.5,0.850136766,1,7
109,Quarter1,finishing,Wednesday,3,0.75,4.15,,2700,0,0.0,0,0,15.0,0.83,1,7
110,Quarter1,finishing,Wednesday,4,0.8,3.94,,4440,0,0.0,0,0,18.0,0.827186544,1,7
111,Quarter1,finishing,Wednesday,2,0.8,3.94,,1440,0,0.0,0,0,8.0,0.813371212,1,7
112,Quarter1,finishing,Wednesday,10,0.75,3.94,,1440,0,0.0,0,0,8.0,0.805909091,1,7
113,Quarter1,finishing,Wednesday,7,0.8,2.9,,1440,0,0.0,0,0,8.0,0.804640152,1,7
114,Quarter1,sweing,Wednesday,2,0.8,28.08,776.0,10350,63,0.0,0,0,57.5,0.800594466,1,7
115,Quarter1,sweing,Wednesday,4,0.8,28.08,990.0,10350,50,0.0,0,0,57.5,0.800594466,1,7
116,Quarter1,sweing,Wednesday,6,0.8,11.41,986.0,5490,50,0.0,0,0,30.5,0.800343766,1,7
117,Quarter1,sweing,Wednesday,3,0.8,19.87,924.0,9900,50,0.0,0,0,55.0,0.800273829,1,7
118,Quarter1,sweing,Wednesday,12,0.8,11.61,1120.0,5670,50,0.0,0,0,31.5,0.800246753,1,7
119,Quarter1,sweing,Wednesday,7,0.8,25.9,1066.0,10170,50,0.0,0,0,56.5,0.800128721,1,7
120,Quarter1,sweing,Wednesday,10,0.75,28.08,1144.0,10530,69,0.0,0,0,58.5,0.8,1,7
121,Quarter1,sweing,Wednesday,5,0.7,21.98,413.0,9720,40,0.0,0,0,58.0,0.700480831,1,7
122,Quarter1,finishing,Wednesday,8,0.8,2.9,,1440,0,0.0,0,0,8.0,0.681060606,1,7
123,Quarter1,finishing,Wednesday,6,0.8,2.9,,1800,0,0.0,0,0,10.0,0.666515152,1,7
124,Quarter1,sweing,Wednesday,11,0.8,31.83,568.0,9900,40,0.0,0,0,55.0,0.412119835,1,7
125,Quarter1,finishing,Wednesday,5,0.7,4.15,,1440,0,0.0,0,0,8.0,0.330113636,1,7
126,Quarter2,finishing,Thursday,1,0.8,3.94,,1440,0,0.0,0,0,8.0,0.947689394,1,8
127,Quarter2,finishing,Thursday,4,0.8,3.94,,12600,0,0.0,0,0,20.0,0.919905405,1,8
128,Quarter2,sweing,Thursday,9,0.8,26.16,1216.0,10620,88,0.0,0,0,59.0,0.900215716,1,8
129,Quarter2,finishing,Thursday,9,0.8,3.94,,1440,0,0.0,0,0,8.0,0.891723485,1,8
130,Quarter2,sweing,Thursday,1,0.8,26.16,1189.0,10620,75,0.0,0,0,59.0,0.850502311,1,8
131,Quarter2,sweing,Thursday,4,0.8,28.08,942.0,10530,75,0.0,0,0,58.5,0.850181818,1,8
132,Quarter2,sweing,Thursday,7,0.8,25.9,1050.0,10170,60,0.0,0,0,56.5,0.850136766,1,8
133,Quarter2,sweing,Thursday,8,0.8,25.9,1026.0,10170,60,0.0,0,0,56.5,0.850136766,1,8
134,Quarter2,finishing,Thursday,2,0.8,3.94,,1440,0,0.0,0,0,8.0,0.835757576,1,8
135,Quarter2,finishing,Thursday,5,0.7,4.15,,3840,0,0.0,0,0,8.0,0.821354167,1,8
136,Quarter2,sweing,Thursday,2,0.8,28.08,783.0,10050,63,0.0,0,0,58.5,0.800497246,1,8
137,Quarter2,sweing,Thursday,3,0.8,19.87,857.0,9900,50,0.0,0,0,55.0,0.800273829,1,8
138,Quarter2,sweing,Thursday,12,0.8,11.61,548.0,15120,63,0.0,0,0,31.5,0.800107143,1,8
139,Quarter2,sweing,Thursday,6,0.8,11.41,411.0,14640,50,0.0,0,0,30.5,0.800024932,1,8
140,Quarter2,sweing,Thursday,10,0.75,28.08,1066.0,10530,69,0.0,0,0,58.5,0.8,1,8
141,Quarter2,finishing,Thursday,10,0.75,3.94,,1440,0,0.0,0,0,8.0,0.779791667,1,8
142,Quarter2,finishing,Thursday,8,0.8,2.9,,1440,0,0.0,0,0,8.0,0.735984848,1,8
143,Quarter2,finishing,Thursday,3,0.75,4.15,,2160,0,0.0,0,0,12.0,0.712626263,1,8
144,Quarter2,finishing,Thursday,7,0.8,2.9,,1440,0,0.0,0,0,8.0,0.681060606,1,8
145,Quarter2,finishing,Thursday,11,0.8,4.15,,900,0,0.0,0,0,5.0,0.515606061,1,8
146,Quarter2,sweing,Thursday,11,0.35,12.52,287.0,25920,38,0.0,0,0,54.0,0.349951389,1,8
147,Quarter2,sweing,Thursday,5,0.7,42.41,724.0,10260,0,0.0,0,0,57.0,0.233705476,1,8
148,Quarter2,finishing,Saturday,1,0.8,3.94,,2160,0,0.0,0,0,8.0,0.985,1,10
149,Quarter2,finishing,Saturday,3,0.75,4.15,,2760,0,0.0,0,0,12.0,0.930340376,1,10
150,Quarter2,finishing,Saturday,4,0.8,3.94,,6000,0,0.0,0,0,20.0,0.911589744,1,10
151,Quarter2,finishing,Saturday,9,0.8,3.94,,1440,0,0.0,0,0,8.0,0.858143939,1,10
152,Quarter2,sweing,Saturday,9,0.8,26.16,1122.0,10620,75,0.0,0,0,59.0,0.851174114,1,10
153,Quarter2,sweing,Saturday,7,0.8,25.9,970.0,10170,60,0.0,0,0,56.5,0.850136766,1,10
154,Quarter2,sweing,Saturday,8,0.8,25.9,1158.0,10170,60,0.0,0,0,56.5,0.850136766,1,10
155,Quarter2,finishing,Saturday,10,0.8,3.94,,1440,0,0.0,0,0,8.0,0.846950758,1,10
156,Quarter2,finishing,Saturday,11,0.8,4.15,,1440,0,0.0,0,0,8.0,0.817424242,1,10
157,Quarter2,finishing,Saturday,2,0.8,3.94,,1440,0,0.0,0,0,8.0,0.817102273,1,10
158,Quarter2,sweing,Saturday,4,0.8,28.08,660.0,10440,63,0.0,0,0,58.0,0.801028213,1,10
159,Quarter2,sweing,Saturday,2,0.8,28.08,749.0,10350,63,0.0,0,0,57.5,0.800594466,1,10
160,Quarter2,sweing,Saturday,12,0.8,11.61,893.0,4710,50,0.0,0,0,31.5,0.800346445,1,10
161,Quarter2,sweing,Saturday,6,0.8,11.41,887.0,5490,50,0.0,0,0,30.5,0.800343766,1,10
162,Quarter2,sweing,Saturday,1,0.8,26.16,1335.0,10620,63,0.0,0,0,59.0,0.800117103,1,10
163,Quarter2,sweing,Saturday,10,0.8,28.08,1082.0,10530,63,0.0,0,0,58.5,0.8,1,10
164,Quarter2,sweing,Saturday,3,0.75,19.87,1075.0,7080,45,0.0,0,0,56.0,0.750098351,1,10
165,Quarter2,sweing,Saturday,11,0.5,12.52,749.0,9540,38,0.0,0,0,53.0,0.673245283,1,10
166,Quarter2,finishing,Saturday,7,0.8,2.9,,1440,0,0.0,0,0,8.0,0.670075758,1,10
167,Quarter2,finishing,Saturday,8,0.8,2.9,,1440,0,0.0,0,0,8.0,0.628882576,1,10
168,Quarter2,sweing,Saturday,5,0.5,20.79,966.0,7680,0,0.0,0,0,56.0,0.388007813,1,10
169,Quarter2,finishing,Saturday,5,0.5,4.15,,1440,0,0.0,0,0,8.0,0.337973485,1,10
170,Quarter2,finishing,Sunday,3,0.75,4.15,,1440,0,0.0,0,0,8.0,0.93532197,1,11
171,Quarter2,finishing,Sunday,4,0.8,3.94,,3600,0,0.0,0,0,20.0,0.925643939,1,11
172,Quarter2,sweing,Sunday,9,0.8,26.16,1095.0,10620,88,0.0,0,0,59.0,0.900215716,1,11
173,Quarter2,finishing,Sunday,1,0.8,3.94,,1440,0,0.0,0,0,8.0,0.873068182,1,11
174,Quarter2,finishing,Sunday,9,0.8,3.94,,1440,0,0.0,0,0,8.0,0.858143939,1,11
175,Quarter2,sweing,Sunday,1,0.8,26.16,1383.0,10620,75,0.0,0,0,59.0,0.850502311,1,11
176,Quarter2,sweing,Sunday,7,0.8,25.9,1012.0,10170,45,0.0,0,0,56.5,0.850136766,1,11
177,Quarter2,sweing,Sunday,8,0.8,25.9,1209.0,10170,60,0.0,0,0,56.5,0.850136766,1,11
178,Quarter2,finishing,Sunday,10,0.8,3.94,,1440,0,0.0,0,0,8.0,0.828295455,1,11
179,Quarter2,finishing,Sunday,2,0.8,3.94,,1440,0,0.0,0,0,8.0,0.820833333,1,11
180,Quarter2,sweing,Sunday,6,0.8,11.41,887.0,5490,50,0.0,0,0,30.5,0.800343766,1,11
181,Quarter2,sweing,Sunday,12,0.8,11.61,896.0,5670,50,0.0,0,0,31.5,0.800246753,1,11
182,Quarter2,sweing,Sunday,2,0.8,28.08,805.0,10530,63,0.0,0,0,58.5,0.8,1,11
183,Quarter2,sweing,Sunday,10,0.8,28.08,762.0,10530,38,0.0,0,0,58.5,0.8,1,11
184,Quarter2,sweing,Sunday,3,0.8,19.87,1043.0,6420,0,0.0,0,0,55.0,0.690182815,1,11
185,Quarter2,finishing,Sunday,11,0.8,4.15,,1440,0,0.0,0,0,8.0,0.668087121,1,11
186,Quarter2,finishing,Sunday,8,0.8,2.9,,1440,0,0.0,0,0,8.0,0.653598485,1,11
187,Quarter2,finishing,Sunday,5,0.5,4.15,,1440,0,0.0,0,0,8.0,0.609138258,1,11
188,Quarter2,sweing,Sunday,11,0.6,12.52,831.0,9540,30,0.0,0,0,53.0,0.600229846,1,11
189,Quarter2,finishing,Sunday,6,0.8,2.9,,1440,0,0.0,0,0,8.0,0.597348485,1,11
190,Quarter2,finishing,Sunday,7,0.8,2.9,,1440,0,0.0,0,0,8.0,0.590435606,1,11
191,Quarter2,sweing,Sunday,4,0.8,50.48,562.0,10440,0,0.0,0,0,58.0,0.473134796,1,11
192,Quarter2,sweing,Sunday,5,0.6,20.79,1208.0,7980,0,0.0,0,0,57.0,0.452979626,1,11
193,Quarter2,finishing,Monday,1,0.8,3.94,,1440,0,0.0,0,0,8.0,0.955151515,1,12
194,Quarter2,finishing,Monday,4,0.35,4.3,,3240,0,0.0,0,0,18.0,0.942213805,1,12
195,Quarter2,finishing,Monday,3,0.8,4.15,,1800,0,0.0,0,0,10.0,0.905454545,1,12
196,Quarter2,finishing,Monday,2,0.8,3.94,,1440,0,0.0,0,0,8.0,0.880530303,1,12
197,Quarter2,finishing,Monday,9,0.8,3.94,,1440,0,0.0,0,0,8.0,0.858143939,1,12
198,Quarter2,sweing,Monday,1,0.8,26.16,1099.0,8220,75,0.0,0,0,59.0,0.850522167,1,12
199,Quarter2,sweing,Monday,9,0.8,26.16,1093.0,10620,75,0.0,0,0,59.0,0.850502311,1,12
200,Quarter2,sweing,Monday,7,0.8,25.9,1031.0,10170,60,0.0,0,0,56.5,0.850136766,1,12
201,Quarter2,sweing,Monday,8,0.8,25.9,1233.0,10170,60,0.0,0,0,56.5,0.850136766,1,12
202,Quarter2,finishing,Monday,6,0.8,2.9,,1440,0,0.0,0,0,8.0,0.817424242,1,12
203,Quarter2,finishing,Monday,5,0.65,4.15,,1440,0,0.0,0,0,8.0,0.809564394,1,12
204,Quarter2,sweing,Monday,3,0.8,19.87,941.0,9900,0,0.0,0,0,55.0,0.800273829,1,12
205,Quarter2,sweing,Monday,6,0.8,11.41,843.0,5670,50,0.0,0,0,31.5,0.800181818,1,12
206,Quarter2,sweing,Monday,12,0.8,11.61,760.0,4470,50,0.0,0,0,31.5,0.80007657,1,12
207,Quarter2,sweing,Monday,2,0.8,28.08,737.0,10530,63,0.0,0,0,58.5,0.8,1,12
208,Quarter2,finishing,Monday,8,0.8,2.9,,1440,0,0.0,0,0,8.0,0.725,1,12
209,Quarter2,sweing,Monday,10,0.8,50.48,381.0,6930,45,0.0,0,0,58.5,0.688557555,1,12
210,Quarter2,sweing,Monday,5,0.65,20.79,1141.0,8460,0,0.0,0,0,59.0,0.650040783,1,12
211,Quarter2,sweing,Monday,11,0.65,12.52,1004.0,9540,44,0.0,0,0,53.0,0.64998056,1,12
212,Quarter2,finishing,Monday,7,0.8,2.9,,1440,0,0.0,0,0,8.0,0.648106061,1,12
213,Quarter2,finishing,Monday,11,0.8,4.15,,1440,0,0.0,0,0,8.0,0.640577652,1,12
214,Quarter2,sweing,Monday,4,0.35,22.4,581.0,7350,0,0.0,0,0,51.5,0.35063299,1,12
215,Quarter2,finishing,Monday,10,0.8,3.94,,1440,0,0.0,0,0,8.0,0.24625,1,12
216,Quarter2,finishing,Tuesday,4,0.35,4.3,,2160,0,0.0,0,0,12.0,0.952020202,1,13
217,Quarter2,finishing,Tuesday,1,0.8,3.94,,1440,0,0.0,0,0,2.0,0.951420455,1,13
218,Quarter2,finishing,Tuesday,10,0.8,3.94,,5400,0,0.0,0,0,20.0,0.912766667,1,13
219,Quarter2,finishing,Tuesday,3,0.8,4.15,,1620,0,0.0,0,0,9.0,0.901262626,1,13
220,Quarter2,finishing,Tuesday,9,0.8,3.94,,1440,0,0.0,0,0,8.0,0.858143939,1,13
221,Quarter2,sweing,Tuesday,1,0.8,26.16,1073.0,10620,75,0.0,0,0,59.0,0.850502311,1,13
222,Quarter2,sweing,Tuesday,9,0.8,26.16,1156.0,10620,75,0.0,0,0,59.0,0.850502311,1,13
223,Quarter2,sweing,Tuesday,8,0.8,25.9,1211.0,10260,60,0.0,0,0,57.0,0.850252525,1,13
224,Quarter2,sweing,Tuesday,7,0.8,25.9,1126.0,10170,60,0.0,0,0,56.5,0.850136766,1,13
225,Quarter2,finishing,Tuesday,5,0.65,4.15,,1440,0,0.0,0,0,8.0,0.821354167,1,13
226,Quarter2,finishing,Tuesday,2,0.8,3.94,,1440,0,0.0,0,0,8.0,0.805909091,1,13
227,Quarter2,sweing,Tuesday,6,0.8,11.61,1004.0,5670,50,0.0,0,0,31.5,0.800246753,1,13
228,Quarter2,sweing,Tuesday,12,0.8,11.61,1063.0,5670,50,0.0,0,0,31.5,0.800246753,1,13
229,Quarter2,sweing,Tuesday,2,0.8,28.08,723.0,10530,50,0.0,0,0,58.5,0.8,1,13
230,Quarter2,sweing,Tuesday,3,0.8,42.27,465.0,9900,54,0.0,0,0,55.0,0.705576584,1,13
231,Quarter2,finishing,Tuesday,8,0.8,2.9,,1440,0,0.0,0,0,8.0,0.681060606,1,13
232,Quarter2,finishing,Tuesday,7,0.8,2.9,,1440,0,0.0,0,0,8.0,0.670075758,1,13
233,Quarter2,finishing,Tuesday,11,0.8,4.15,,1440,0,0.0,0,0,8.0,0.601278409,1,13
234,Quarter2,sweing,Tuesday,11,0.7,27.13,530.0,9540,37,0.0,0,0,53.0,0.582301029,1,13
235,Quarter2,sweing,Tuesday,5,0.7,20.79,1297.0,10440,0,0.0,0,0,58.0,0.526810345,1,13
236,Quarter2,sweing,Tuesday,4,0.5,22.4,783.0,10170,23,0.0,0,0,56.5,0.500380799,1,13
237,Quarter2,sweing,Tuesday,10,0.35,22.4,715.0,10170,23,0.0,0,0,56.5,0.35020649,1,13
238,Quarter2,finishing,Wednesday,11,0.8,4.15,,1980,0,0.0,0,0,7.0,0.934607438,1,14
239,Quarter2,finishing,Wednesday,4,0.35,4.3,,2700,0,0.0,0,0,8.0,0.908080808,1,14
240,Quarter2,sweing,Wednesday,7,0.8,25.9,1150.0,10170,70,0.0,0,0,56.5,0.900144811,1,14
241,Quarter2,finishing,Wednesday,1,0.8,3.94,,1440,0,0.0,0,0,8.0,0.891723485,1,14
242,Quarter2,finishing,Wednesday,5,0.65,4.15,,1440,0,0.0,0,0,15.0,0.864583333,1,14
243,Quarter2,finishing,Wednesday,9,0.8,3.94,,1440,0,0.0,0,0,8.0,0.858143939,1,14
244,Quarter2,sweing,Wednesday,9,0.8,26.16,1232.0,10620,75,0.0,0,0,59.0,0.850502311,1,14
245,Quarter2,sweing,Wednesday,8,0.8,25.9,1218.0,10170,60,0.0,0,0,56.5,0.850136766,1,14
246,Quarter2,finishing,Wednesday,7,0.8,2.9,,1440,0,0.0,0,0,8.0,0.837594697,1,14
247,Quarter2,finishing,Wednesday,3,0.8,4.15,,1440,0,0.0,0,0,7.0,0.820833333,1,14
248,Quarter2,sweing,Wednesday,12,0.8,11.61,1159.0,2970,50,0.0,0,0,31.5,0.800313433,1,14
249,Quarter2,sweing,Wednesday,6,0.8,11.61,972.0,5670,38,0.0,0,0,31.5,0.800246753,1,14
250,Quarter2,sweing,Wednesday,1,0.8,26.16,1092.0,10620,63,0.0,0,0,59.0,0.800117103,1,14
251,Quarter2,sweing,Wednesday,5,0.7,20.79,965.0,7320,0,0.0,0,0,58.0,0.700095563,1,14
252,Quarter2,finishing,Wednesday,8,0.8,2.9,,1440,0,0.0,0,0,8.0,0.667329545,1,14
253,Quarter2,sweing,Wednesday,4,0.6,22.4,816.0,5100,23,0.0,0,0,57.0,0.600369686,1,14
254,Quarter2,sweing,Wednesday,10,0.5,22.4,947.0,3390,23,0.0,0,0,56.5,0.499980334,1,14
255,Quarter2,sweing,Wednesday,11,0.35,14.61,838.0,7200,23,0.0,0,0,55.0,0.35003125,1,14
256,Quarter2,finishing,Wednesday,10,0.8,3.94,,1260,0,0.0,0,0,8.0,0.332359307,1,14
257,Quarter2,sweing,Wednesday,2,0.8,51.02,1086.0,4260,27,0.0,0,0,57.0,0.311207464,1,14
258,Quarter2,finishing,Wednesday,2,0.8,3.94,,1260,0,0.0,0,0,8.0,0.247316017,1,14
259,Quarter3,finishing,Thursday,4,0.35,4.3,,3600,0,0.0,0,0,20.0,0.988636364,1,15
260,Quarter3,finishing,Thursday,10,0.8,3.94,,3420,0,0.0,0,0,19.0,0.953110048,1,15
261,Quarter3,finishing,Thursday,1,0.8,3.94,,1440,0,0.0,0,0,8.0,0.884261364,1,15
262,Quarter3,finishing,Thursday,5,0.65,4.15,,1440,0,0.0,0,0,8.0,0.860653409,1,15
263,Quarter3,finishing,Thursday,9,0.8,3.94,,1440,0,0.0,0,0,8.0,0.858143939,1,15
264,Quarter3,sweing,Thursday,1,0.8,26.16,1160.0,10620,75,0.0,0,0,59.0,0.850502311,1,15
265,Quarter3,sweing,Thursday,8,0.8,25.9,1177.0,8970,60,0.0,0,0,56.5,0.850415628,1,15
266,Quarter3,sweing,Thursday,7,0.8,25.9,1281.0,10170,60,0.0,0,0,56.5,0.850136766,1,15
267,Quarter3,sweing,Thursday,9,0.8,26.16,1369.0,10620,63,0.0,0,0,59.0,0.800117103,1,15
268,Quarter3,sweing,Thursday,6,0.8,11.61,1084.0,4950,38,0.0,0,0,31.5,0.80003139,1,15
269,Quarter3,sweing,Thursday,12,0.8,11.61,1216.0,4950,50,0.0,0,0,31.5,0.80003139,1,15
270,Quarter3,sweing,Thursday,5,0.7,20.79,391.0,10440,0,0.0,0,0,58.0,0.700060345,1,15
271,Quarter3,finishing,Thursday,7,0.8,2.9,,1440,0,0.0,0,0,8.0,0.689299242,1,15
272,Quarter3,sweing,Thursday,3,0.5,22.52,1102.0,10170,30,0.0,0,0,56.5,0.660683293,1,15
273,Quarter3,sweing,Thursday,4,0.65,22.52,872.0,10080,26,0.0,0,0,56.0,0.650130952,1,15
274,Quarter3,finishing,Thursday,8,0.8,2.9,,1440,0,0.0,0,0,8.0,0.606912879,1,15
275,Quarter3,sweing,Thursday,10,0.6,22.52,1076.0,10170,23,0.0,0,0,56.5,0.600291767,1,15
276,Quarter3,sweing,Thursday,11,0.5,14.89,917.0,9900,30,0.0,0,0,55.0,0.500025069,1,15
277,Quarter3,sweing,Thursday,2,0.5,22.94,1044.0,9810,23,0.0,0,0,54.5,0.499998888,1,15
278,Quarter3,finishing,Saturday,5,0.65,4.15,,2700,0,0.0,0,0,15.0,0.98719697,1,17
279,Quarter3,finishing,Saturday,2,0.8,3.94,,1800,0,0.0,0,0,10.0,0.980909091,1,17
280,Quarter3,finishing,Saturday,10,0.8,3.94,,1440,0,0.0,0,0,8.0,0.974621212,1,17
281,Quarter3,finishing,Saturday,1,0.8,3.94,,1440,0,0.0,0,0,8.0,0.884261364,1,17
282,Quarter3,finishing,Saturday,9,0.8,3.94,,1800,0,0.0,0,0,10.0,0.82680303,1,17
283,Quarter3,sweing,Saturday,6,0.8,11.41,1067.0,5490,63,0.0,0,0,30.5,0.800343766,1,17
284,Quarter3,sweing,Saturday,12,0.8,11.61,1039.0,5670,63,0.0,0,0,31.5,0.800246753,1,17
285,Quarter3,sweing,Saturday,7,0.8,25.9,1396.0,10170,50,0.0,0,0,56.5,0.800128721,1,17
286,Quarter3,sweing,Saturday,8,0.8,25.9,1292.0,10170,50,0.0,0,0,56.5,0.800128721,1,17
287,Quarter3,sweing,Saturday,1,0.8,48.68,171.0,10620,63,0.0,0,0,59.0,0.800117103,1,17
288,Quarter3,sweing,Saturday,9,0.8,26.16,1128.0,10620,63,0.0,0,0,59.0,0.800117103,1,17
289,Quarter3,sweing,Saturday,2,0.6,22.94,865.0,6570,23,0.0,0,0,56.5,0.77011398,1,17
290,Quarter3,sweing,Saturday,4,0.7,22.52,825.0,10170,50,0.0,0,0,56.5,0.7005417,1,17
291,Quarter3,finishing,Saturday,8,0.8,2.9,,1440,0,0.0,0,0,8.0,0.675568182,1,17
292,Quarter3,finishing,Saturday,7,0.8,2.9,,1440,0,0.0,0,0,8.0,0.661837121,1,17
293,Quarter3,sweing,Saturday,10,0.65,22.52,1163.0,9720,35,0.0,0,0,54.0,0.650198653,1,17
294,Quarter3,sweing,Saturday,3,0.6,22.52,1140.0,10170,30,0.0,0,0,56.5,0.600291767,1,17
295,Quarter3,sweing,Saturday,11,0.6,14.89,1027.0,10080,38,0.0,0,0,56.0,0.600273268,1,17
296,Quarter3,finishing,Saturday,6,0.8,2.9,,900,0,0.0,0,0,5.0,0.465757576,1,17
297,Quarter3,sweing,Saturday,5,0.7,41.19,1052.0,10440,21,0.0,0,0,58.0,0.452012539,1,17
298,Quarter3,finishing,Saturday,11,0.8,4.15,,1260,0,0.0,0,0,7.0,0.313852814,1,17
299,Quarter3,finishing,Sunday,5,0.6,4.15,,1440,0,0.0,0,0,8.0,0.852793561,1,18
300,Quarter3,finishing,Sunday,11,0.65,4.15,,2160,0,0.0,0,0,12.0,0.838383838,1,18
301,Quarter3,finishing,Sunday,6,0.8,2.9,,1800,0,0.0,0,0,10.0,0.804848485,1,18
302,Quarter3,sweing,Sunday,6,0.8,11.41,1140.0,5490,63,0.0,0,0,30.5,0.800343766,1,18
303,Quarter3,sweing,Sunday,7,0.8,48.84,624.0,10170,50,0.0,0,0,56.5,0.800128721,1,18
304,Quarter3,sweing,Sunday,8,0.8,25.9,1288.0,10170,38,0.0,0,0,56.5,0.800128721,1,18
305,Quarter3,sweing,Sunday,9,0.8,26.16,1381.0,3660,50,0.0,0,0,59.0,0.800015009,1,18
306,Quarter3,sweing,Sunday,4,0.7,22.52,882.0,10170,50,0.0,0,0,56.5,0.7005417,1,18
307,Quarter3,sweing,Sunday,10,0.7,22.52,1002.0,10080,40,0.0,0,0,56.0,0.700094156,1,18
308,Quarter3,finishing,Sunday,7,0.8,2.9,,1440,0,0.0,0,0,8.0,0.692045455,1,18
309,Quarter3,sweing,Sunday,12,0.8,26.87,585.0,5670,56,0.0,0,0,31.5,0.662255892,1,18
310,Quarter3,sweing,Sunday,3,0.65,22.52,1138.0,10170,35,0.0,0,0,56.5,0.650416734,1,18
311,Quarter3,sweing,Sunday,11,0.65,14.89,1140.0,10260,44,0.0,0,0,57.0,0.650299575,1,18
312,Quarter3,sweing,Sunday,2,0.65,22.94,1025.0,10170,26,0.0,0,0,56.5,0.650243497,1,18
313,Quarter3,finishing,Sunday,8,0.8,2.9,,1440,0,0.0,0,0,8.0,0.639867424,1,18
314,Quarter3,sweing,Sunday,5,0.6,20.4,1031.0,10440,30,0.0,0,0,58.0,0.600062696,1,18
315,Quarter3,finishing,Sunday,9,0.8,3.94,,1800,0,0.0,0,0,10.0,0.582045455,1,18
316,Quarter3,sweing,Sunday,1,0.8,49.1,1381.0,10350,24,0.0,0,0,57.5,0.403242161,1,18
317,Quarter3,finishing,Sunday,10,0.7,3.94,,1440,0,0.0,0,0,8.0,0.235795455,1,18
318,Quarter3,finishing,Monday,4,0.7,4.3,,5040,0,0.0,0,0,28.0,0.977272727,1,19
319,Quarter3,finishing,Monday,9,0.8,3.94,,1800,0,0.0,0,0,10.0,0.964106061,1,19
320,Quarter3,finishing,Monday,5,0.65,4.15,,1440,0,0.0,0,0,8.0,0.958901515,1,19
321,Quarter3,sweing,Monday,6,0.8,11.41,1028.0,4380,50,0.0,0,0,31.0,0.800358775,1,19
322,Quarter3,sweing,Monday,8,0.8,25.9,1380.0,3630,50,0.0,0,0,56.5,0.800162602,1,19
323,Quarter3,sweing,Monday,9,0.8,26.16,1196.0,10620,63,0.0,0,0,59.0,0.800117103,1,19
324,Quarter3,finishing,Monday,12,0.8,2.9,,1440,0,0.0,0,0,8.0,0.793844697,1,19
325,Quarter3,sweing,Monday,2,0.7,22.94,1006.0,10170,38,0.0,0,0,56.5,0.750517565,1,19
326,Quarter3,sweing,Monday,4,0.7,22.52,930.0,10260,63,0.0,0,0,57.0,0.750068049,1,19
327,Quarter3,sweing,Monday,3,0.7,22.52,1095.0,10170,50,0.0,0,0,56.5,0.750062751,1,19
328,Quarter3,sweing,Monday,10,0.7,22.52,938.0,10080,63,0.0,0,0,56.0,0.750057359,1,19
329,Quarter3,sweing,Monday,11,0.7,14.89,1484.0,10260,50,0.0,0,0,57.0,0.700170388,1,19
330,Quarter3,finishing,Monday,8,0.8,2.9,,1440,0,0.0,0,0,8.0,0.683806818,1,19
331,Quarter3,sweing,Monday,5,0.65,20.4,1255.0,8280,35,0.0,0,0,58.0,0.650066445,1,19
332,Quarter3,sweing,Monday,7,0.8,48.84,1040.0,10260,30,0.0,0,0,57.0,0.576460393,1,19
333,Quarter3,sweing,Monday,1,0.5,22.94,1492.0,10170,30,0.0,0,0,56.5,0.549969429,1,19
334,Quarter3,finishing,Monday,10,0.7,3.94,,1440,0,0.0,0,0,8.0,0.538399621,1,19
335,Quarter3,finishing,Monday,11,0.7,4.15,,1440,0,0.0,0,0,8.0,0.409545455,1,19
336,Quarter3,sweing,Monday,12,0.35,15.26,1111.0,6120,23,0.0,0,0,34.0,0.35021836,1,19
337,Quarter3,finishing,Tuesday,5,0.7,4.15,,1440,0,0.0,0,0,8.0,1.033570076,1,20
338,Quarter3,sweing,Tuesday,6,0.8,11.41,1047.0,5580,63,0.0,0,0,31.0,0.800261486,1,20
339,Quarter3,sweing,Tuesday,8,0.8,25.9,1434.0,10170,50,0.0,0,0,56.5,0.800128721,1,20
340,Quarter3,sweing,Tuesday,9,0.8,26.16,399.0,10620,63,0.0,0,0,59.0,0.800117103,1,20
341,Quarter3,sweing,Tuesday,4,0.7,22.52,983.0,10260,63,0.0,0,0,57.0,0.750068049,1,20
342,Quarter3,sweing,Tuesday,10,0.7,22.52,1108.0,10080,63,0.0,0,0,56.0,0.750057359,1,20
343,Quarter3,sweing,Tuesday,3,0.7,22.52,1134.0,8460,50,0.0,0,0,57.0,0.750037968,1,20
344,Quarter3,sweing,Tuesday,2,0.7,22.94,1363.0,10260,50,0.0,0,0,57.0,0.750031898,1,20
345,Quarter3,finishing,Tuesday,9,0.8,3.94,,1800,0,0.0,0,0,10.0,0.72830303,1,20
346,Quarter3,sweing,Tuesday,11,0.7,14.89,1501.0,10260,50,0.0,0,0,57.0,0.700170388,1,20
347,Quarter3,sweing,Tuesday,5,0.7,20.4,1352.0,10260,50,0.0,0,0,57.0,0.700063796,1,20
348,Quarter3,finishing,Tuesday,8,0.8,2.9,,1440,0,0.0,0,0,8.0,0.639867424,1,20
349,Quarter3,sweing,Tuesday,12,0.5,15.26,1352.0,3720,23,0.0,0,0,34.0,0.500290419,1,20
350,Quarter3,sweing,Tuesday,7,0.35,22.94,1450.0,10080,30,0.0,0,0,56.0,0.400332792,1,20
351,Quarter3,finishing,Tuesday,11,0.7,4.15,,2700,0,0.0,0,0,15.0,0.362666667,1,20
352,Quarter3,finishing,Wednesday,4,0.75,4.3,,6000,0,0.0,0,0,20.0,0.978525641,1,21
353,Quarter3,finishing,Wednesday,2,0.7,3.94,,5100,0,0.0,0,0,17.0,0.912202112,1,21
354,Quarter3,sweing,Wednesday,4,0.75,22.52,825.0,10080,94,0.0,0,0,56.0,0.900556277,1,21
355,Quarter3,sweing,Wednesday,6,0.8,11.61,916.0,5760,75,0.0,0,0,89.0,0.850410511,1,21
356,Quarter3,finishing,Wednesday,9,0.8,3.94,,2400,0,0.0,0,0,8.0,0.827147436,1,21
357,Quarter3,sweing,Wednesday,8,0.8,25.9,562.0,7470,38,0.0,0,0,56.5,0.800436542,1,21
358,Quarter3,sweing,Wednesday,2,0.7,22.94,1422.0,10500,60,0.0,0,0,57.0,0.800415742,1,21
359,Quarter3,sweing,Wednesday,10,0.7,22.52,1206.0,10080,75,0.0,0,0,56.0,0.800020563,1,21
360,Quarter3,finishing,Wednesday,5,0.7,4.15,,2400,0,0.0,0,0,8.0,0.758173077,1,21
361,Quarter3,sweing,Wednesday,5,0.7,20.4,1404.0,10440,50,0.0,0,0,58.0,0.750344828,1,21
362,Quarter3,sweing,Wednesday,3,0.7,22.52,1139.0,10260,63,0.0,0,0,57.0,0.750068049,1,21
363,Quarter3,sweing,Wednesday,11,0.7,14.89,1735.0,10260,50,0.0,0,0,57.0,0.700170388,1,21
364,Quarter3,sweing,Wednesday,1,0.65,22.94,1595.0,10260,34,0.0,0,0,57.0,0.700029771,1,21
365,Quarter3,sweing,Wednesday,12,0.6,15.26,1245.0,6360,23,0.0,0,0,34.0,0.60017284,1,21
366,Quarter3,finishing,Wednesday,8,0.8,2.9,,2400,0,0.0,0,0,8.0,0.594871795,1,21
367,Quarter3,sweing,Wednesday,9,0.8,54.56,757.0,4140,29,0.0,0,0,58.0,0.520237649,1,21
368,Quarter3,finishing,Wednesday,1,0.65,3.94,,2400,0,0.0,0,0,8.0,0.505128205,1,21
369,Quarter3,sweing,Wednesday,7,0.5,22.52,1720.0,10080,23,0.0,0,0,56.0,0.500241342,1,21
370,Quarter3,finishing,Wednesday,11,0.7,4.15,,2700,0,0.0,0,0,9.0,0.470769231,1,21
371,Quarter4,finishing,Thursday,7,0.6,3.94,,6000,0,0.0,0,0,10.0,0.957638889,1,22
372,Quarter4,finishing,Thursday,10,0.75,3.94,,8400,0,0.0,0,0,14.0,0.940701058,1,22
373,Quarter4,sweing,Thursday,4,0.75,22.52,759.0,10080,81,0.0,0,0,56.0,0.849983766,1,22
374,Quarter4,sweing,Thursday,2,0.7,22.94,1510.0,10620,60,0.0,0,0,57.0,0.800302791,1,22
375,Quarter4,sweing,Thursday,6,0.8,11.61,955.0,6360,63,0.0,0,0,32.0,0.800191989,1,22
376,Quarter4,sweing,Thursday,10,0.75,22.52,1328.0,10080,55,0.0,0,0,56.0,0.800020563,1,22
377,Quarter4,sweing,Thursday,1,0.7,22.94,1384.0,12180,63,0.0,0,0,57.0,0.750162367,1,22
378,Quarter4,sweing,Thursday,3,0.7,22.52,1244.0,10260,63,0.0,0,0,57.0,0.750068049,1,22
379,Quarter4,finishing,Thursday,5,0.7,4.15,,9000,0,0.0,0,0,15.0,0.742901235,1,22
380,Quarter4,sweing,Thursday,5,0.7,20.4,1480.0,10440,40,0.0,0,0,58.0,0.700250784,1,22
381,Quarter4,sweing,Thursday,11,0.7,14.89,1863.0,10260,50,0.0,0,0,57.0,0.700170388,1,22
382,Quarter4,finishing,Thursday,4,0.75,4.3,,9000,0,0.0,0,0,15.0,0.670216049,1,22
383,Quarter4,finishing,Thursday,1,0.7,3.94,,15000,0,0.0,0,0,25.0,0.649662222,1,22
384,Quarter4,finishing,Thursday,2,0.7,3.94,,15000,0,0.0,0,0,25.0,0.649662222,1,22
385,Quarter4,finishing,Thursday,6,0.8,2.9,,4800,0,0.0,0,0,8.0,0.626822917,1,22
386,Quarter4,sweing,Thursday,12,0.6,15.26,1492.0,6960,23,0.0,0,0,34.0,0.600436426,1,22
387,Quarter4,sweing,Thursday,7,0.6,22.52,1859.0,10260,23,0.0,0,0,57.0,0.60041361,1,22
388,Quarter4,sweing,Thursday,8,0.8,40.99,980.0,10770,30,0.0,0,0,56.5,0.555500132,1,22
389,Quarter4,sweing,Thursday,9,0.5,29.12,970.0,10440,30,0.0,0,0,58.0,0.500547544,1,22
390,Quarter4,finishing,Thursday,3,0.7,3.94,,12000,0,0.0,0,0,20.0,0.460578704,1,22
391,Quarter4,finishing,Thursday,8,0.8,2.9,,4800,0,0.0,0,0,8.0,0.397743056,1,22
392,Quarter4,finishing,Thursday,12,0.6,4.08,,5400,0,0.0,0,0,9.0,0.327407407,1,22
393,Quarter4,finishing,Saturday,5,0.7,4.15,,2700,0,0.0,0,0,15.0,0.966666667,1,24
394,Quarter4,finishing,Saturday,10,0.75,3.94,,1800,0,0.0,0,0,10.0,0.937242424,1,24
395,Quarter4,finishing,Saturday,8,0.8,2.9,,1620,0,0.0,0,0,9.0,0.910521886,1,24
396,Quarter4,sweing,Saturday,2,0.75,22.94,1606.0,10260,94,0.0,0,0,57.0,0.90064806,1,24
397,Quarter4,sweing,Saturday,4,0.75,22.52,727.0,10260,94,0.0,0,0,57.0,0.900321106,1,24
398,Quarter4,finishing,Saturday,11,0.75,4.15,,1800,0,0.0,0,0,10.0,0.896022727,1,24
399,Quarter4,finishing,Saturday,3,0.75,3.94,,1440,0,0.0,0,0,8.0,0.895454545,1,24
400,Quarter4,finishing,Saturday,7,0.65,3.94,,2160,0,0.0,0,0,12.0,0.870580808,1,24
401,Quarter4,finishing,Saturday,12,0.7,4.08,,1620,0,0.0,0,0,9.0,0.858585859,1,24
402,Quarter4,sweing,Saturday,1,0.7,22.94,1472.0,10260,75,0.0,0,0,57.0,0.800643806,1,24
403,Quarter4,sweing,Saturday,10,0.75,22.52,1332.0,10080,69,0.0,0,0,56.0,0.80062987,1,24
404,Quarter4,sweing,Saturday,6,0.8,11.61,1009.0,5640,63,0.0,0,0,32.0,0.800537143,1,24
405,Quarter4,sweing,Saturday,3,0.75,22.52,1266.0,10260,69,0.0,0,0,57.0,0.80035194,1,24
406,Quarter4,sweing,Saturday,12,0.75,15.26,1316.0,6120,40,0.0,0,0,34.0,0.750079323,1,24
407,Quarter4,sweing,Saturday,11,0.75,42.97,1282.0,10260,56,0.0,0,0,57.0,0.750041201,1,24
408,Quarter4,sweing,Saturday,5,0.7,20.4,1382.0,10440,50,0.0,0,0,58.0,0.700250784,1,24
409,Quarter4,finishing,Saturday,4,0.75,4.3,,2160,0,0.0,0,0,12.0,0.651515152,1,24
410,Quarter4,sweing,Saturday,7,0.65,22.52,1295.0,10170,26,0.0,0,0,56.5,0.650416734,1,24
411,Quarter4,sweing,Saturday,9,0.6,29.12,925.0,6660,23,0.0,0,0,58.0,0.600125217,1,24
412,Quarter4,finishing,Saturday,2,0.75,3.94,,1440,0,0.0,0,0,8.0,0.578314394,1,24
413,Quarter4,finishing,Saturday,1,0.7,3.94,,1440,0,0.0,0,0,8.0,0.578314394,1,24
414,Quarter4,sweing,Saturday,8,0.35,15.09,1448.0,9360,23,0.0,0,0,52.0,0.34998951,1,24
415,Quarter4,finishing,Saturday,9,0.6,3.94,,1440,0,0.0,0,0,8.0,0.261174242,1,24
416,Quarter4,finishing,Sunday,5,0.7,4.15,,3060,0,0.0,0,0,17.0,0.973796791,1,25
417,Quarter4,finishing,Sunday,2,0.75,3.94,,1440,0,0.0,0,0,8.0,0.970075758,1,25
418,Quarter4,finishing,Sunday,1,0.7,3.94,,1440,0,0.0,0,0,8.0,0.970075758,1,25
419,Quarter4,finishing,Sunday,3,0.75,3.94,,1620,0,0.0,0,0,9.0,0.961784512,1,25
420,Quarter4,finishing,Sunday,10,0.75,3.94,,3420,0,0.0,0,0,19.0,0.955151515,1,25
421,Quarter4,finishing,Sunday,4,0.75,4.3,,2160,0,0.0,0,0,12.0,0.952020202,1,25
422,Quarter4,sweing,Sunday,4,0.75,22.52,867.0,10260,94,0.0,0,0,57.0,0.900321106,1,25
423,Quarter4,sweing,Sunday,2,0.75,22.94,1636.0,10530,81,0.0,0,0,58.5,0.850223776,1,25
424,Quarter4,sweing,Sunday,1,0.7,22.94,1682.0,10530,75,0.0,0,0,58.5,0.800909609,1,25
425,Quarter4,sweing,Sunday,3,0.75,22.52,1495.0,10350,55,0.0,0,0,57.5,0.800513307,1,25
426,Quarter4,sweing,Sunday,6,0.8,11.61,1181.0,5760,63,0.0,0,0,32.0,0.800386364,1,25
427,Quarter4,sweing,Sunday,10,0.75,22.52,1413.0,10080,69,0.0,0,0,56.0,0.800020563,1,25
428,Quarter4,finishing,Sunday,7,0.65,3.94,,2520,0,0.0,0,0,14.0,0.749188312,1,25
429,Quarter4,sweing,Sunday,7,0.7,22.52,360.0,10170,40,0.0,0,0,56.5,0.7005417,1,25
430,Quarter4,sweing,Sunday,12,0.7,15.26,1296.0,6120,40,0.0,0,0,34.0,0.70043672,1,25
431,Quarter4,sweing,Sunday,5,0.7,20.4,1217.0,10440,50,0.0,0,0,58.0,0.700250784,1,25
432,Quarter4,sweing,Sunday,9,0.65,29.12,1086.0,10440,26,0.0,0,0,58.0,0.650407524,1,25
433,Quarter4,finishing,Sunday,12,0.7,4.08,,1620,0,0.0,0,0,9.0,0.618181818,1,25
434,Quarter4,sweing,Sunday,11,0.75,42.97,532.0,10260,40,0.0,0,0,57.0,0.59114168,1,25
435,Quarter4,sweing,Sunday,8,0.5,15.09,1557.0,720,23,0.0,0,0,52.0,0.500061916,1,25
436,Quarter4,finishing,Sunday,8,0.8,2.9,,720,0,0.0,0,0,4.0,0.329545455,1,25
437,Quarter4,finishing,Monday,3,0.75,3.94,,1800,0,0.0,0,0,10.0,1.059621212,1,26
438,Quarter4,finishing,Monday,10,0.75,3.94,,3780,0,0.0,0,0,21.0,0.997792208,1,26
439,Quarter4,finishing,Monday,4,0.75,4.3,,2160,0,0.0,0,0,12.0,0.963699495,1,26
440,Quarter4,finishing,Monday,5,0.7,4.15,,2700,0,0.0,0,0,15.0,0.959191919,1,26
441,Quarter4,finishing,Monday,2,0.75,3.94,,1800,0,0.0,0,0,10.0,0.910378788,1,26
442,Quarter4,finishing,Monday,1,0.7,3.94,,1800,0,0.0,0,0,10.0,0.910378788,1,26
443,Quarter4,sweing,Monday,4,0.8,22.52,1016.0,10170,60,0.0,0,0,56.5,0.850312684,1,26
444,Quarter4,sweing,Monday,6,0.8,11.61,1072.0,5760,50,0.0,0,0,32.0,0.800386364,1,26
445,Quarter4,sweing,Monday,3,0.75,22.52,1584.0,10260,69,0.0,0,0,57.0,0.80035194,1,26
446,Quarter4,sweing,Monday,2,0.75,22.94,1764.0,10260,55,0.0,0,0,57.0,0.800034024,1,26
447,Quarter4,sweing,Monday,1,0.7,22.94,1745.0,10440,60,0.0,0,0,58.0,0.800023511,1,26
448,Quarter4,sweing,Monday,10,0.75,22.52,1250.0,10080,55,0.0,0,0,56.0,0.800020563,1,26
449,Quarter4,finishing,Monday,12,0.7,4.08,,1620,0,0.0,0,0,9.0,0.769292929,1,26
450,Quarter4,sweing,Monday,5,0.75,20.4,1118.0,10320,56,0.0,0,0,58.0,0.750031447,1,26
451,Quarter4,sweing,Monday,9,0.7,29.12,1143.0,10440,40,0.0,0,0,58.0,0.70061442,1,26
452,Quarter4,sweing,Monday,12,0.7,15.26,1337.0,6120,40,0.0,0,0,34.0,0.70043672,1,26
453,Quarter4,finishing,Monday,7,0.65,3.94,,1440,0,0.0,0,0,8.0,0.646306818,1,26
454,Quarter4,sweing,Monday,8,0.6,15.09,1519.0,360,23,0.0,0,0,52.0,0.600143365,1,26
455,Quarter4,sweing,Monday,11,0.35,28.08,749.0,10260,23,0.0,0,0,57.0,0.350066986,1,26
456,Quarter4,sweing,Tuesday,2,0.75,22.52,1635.0,6840,119,0.0,0,0,57.0,1.000230409,1,27
457,Quarter4,sweing,Tuesday,3,0.75,22.52,1299.0,6840,119,0.0,0,0,57.0,1.000230409,1,27
458,Quarter4,finishing,Tuesday,10,0.8,3.94,,1440,0,0.0,0,0,12.0,0.979527778,1,27
459,Quarter4,finishing,Tuesday,4,0.8,4.3,,1440,0,0.0,0,0,12.0,0.940625,1,27
460,Quarter4,finishing,Tuesday,5,0.5,4.15,,1440,0,0.0,0,0,12.0,0.926388889,1,27
461,Quarter4,sweing,Tuesday,10,0.8,22.52,1134.0,6720,70,0.0,0,0,56.0,0.900129762,1,27
462,Quarter4,finishing,Tuesday,3,0.75,3.94,,1440,0,0.0,0,0,12.0,0.861875,1,27
463,Quarter4,sweing,Tuesday,4,0.8,22.52,1106.0,6780,60,0.0,0,0,56.5,0.850312684,1,27
464,Quarter4,finishing,Tuesday,8,0.65,3.94,,960,0,0.0,0,0,8.0,0.845458333,1,27
465,Quarter4,finishing,Tuesday,12,0.7,4.15,,1080,0,0.0,0,0,9.0,0.823555556,1,27
466,Quarter4,finishing,Tuesday,7,0.5,4.15,,960,0,0.0,0,0,8.0,0.803541667,1,27
467,Quarter4,sweing,Tuesday,1,0.75,22.94,1871.0,6960,55,0.0,0,0,58.0,0.800263218,1,27
468,Quarter4,finishing,Tuesday,2,0.75,3.94,,1200,0,0.0,0,0,10.0,0.788,1,27
469,Quarter4,finishing,Tuesday,1,0.75,3.94,,1200,0,0.0,0,0,10.0,0.77815,1,27
470,Quarter4,sweing,Tuesday,9,0.7,29.12,1294.0,6960,50,0.0,0,0,58.0,0.700386207,1,27
471,Quarter4,sweing,Tuesday,12,0.7,15.26,1462.0,4080,40,0.0,0,0,34.0,0.700164706,1,27
472,Quarter4,sweing,Tuesday,8,0.65,15.09,976.0,240,23,0.0,0,0,52.0,0.650307143,1,27
473,Quarter4,sweing,Tuesday,6,0.8,30.4,338.0,3840,34,0.0,0,0,32.0,0.622828125,1,27
474,Quarter4,finishing,Tuesday,6,0.8,2.9,,960,0,0.0,0,0,8.0,0.6225,1,27
475,Quarter4,sweing,Tuesday,5,0.5,20.79,1455.0,6960,30,0.0,0,0,58.0,0.500035345,1,27
476,Quarter4,sweing,Tuesday,11,0.5,48.18,1282.0,6480,23,0.0,0,0,54.0,0.37046657,1,27
477,Quarter4,sweing,Wednesday,2,0.8,22.52,1559.0,6840,90,0.0,0,0,57.0,1.000230409,1,28
478,Quarter4,sweing,Wednesday,3,0.8,22.52,1350.0,6840,113,0.0,0,0,57.0,1.000230409,1,28
479,Quarter4,finishing,Wednesday,6,0.35,2.9,,1800,0,0.0,0,0,15.0,0.977555556,1,28
480,Quarter4,finishing,Wednesday,1,0.75,3.94,,1200,0,0.0,0,0,10.0,0.9456,1,28
481,Quarter4,finishing,Wednesday,2,0.8,3.94,,1800,0,0.0,0,0,15.0,0.902222222,1,28
482,Quarter4,sweing,Wednesday,10,0.8,22.52,1175.0,6720,60,0.0,0,0,56.0,0.850532143,1,28
483,Quarter4,sweing,Wednesday,1,0.75,22.94,1868.0,6960,81,0.0,0,0,58.0,0.850362069,1,28
484,Quarter4,finishing,Wednesday,10,0.8,3.94,,1200,0,0.0,0,0,10.0,0.840533333,1,28
485,Quarter4,sweing,Wednesday,5,0.6,20.79,1045.0,6960,88,0.0,0,0,58.0,0.800534483,1,28
486,Quarter4,sweing,Wednesday,4,0.8,22.52,1342.0,6780,50,0.0,0,0,56.5,0.800489676,1,28
487,Quarter4,finishing,Wednesday,12,0.75,4.08,,1080,0,0.0,0,0,9.0,0.755555556,1,28
488,Quarter4,sweing,Wednesday,9,0.7,29.12,1340.0,6960,63,0.0,0,0,58.0,0.750593103,1,28
489,Quarter4,sweing,Wednesday,12,0.75,15.26,1429.0,3600,45,0.0,0,0,35.0,0.750283333,1,28
490,Quarter4,finishing,Wednesday,4,0.8,4.3,,1440,0,0.0,0,0,12.0,0.722638889,1,28
491,Quarter4,finishing,Wednesday,8,0.65,4.15,,960,0,0.0,0,0,8.0,0.553333333,1,28
492,Quarter4,sweing,Wednesday,11,0.5,20.1,1413.0,5880,46,0.0,0,0,54.0,0.500567308,1,28
493,Quarter4,sweing,Wednesday,8,0.7,38.09,336.0,6240,0,0.0,0,0,52.0,0.467693269,1,28
494,Quarter4,sweing,Wednesday,6,0.35,18.79,511.0,1800,23,0.0,0,0,32.0,0.437995338,1,28
495,Quarter4,finishing,Wednesday,7,0.6,3.94,,960,0,0.0,0,0,8.0,0.406354167,1,28
496,Quarter4,sweing,Wednesday,7,0.6,23.54,958.0,6600,0,0.0,0,0,55.0,0.285333333,1,28
497,Quarter4,finishing,Wednesday,11,0.5,2.9,,960,0,0.0,0,0,8.0,0.259375,1,28
498,Quarter5,sweing,Thursday,2,0.8,22.52,1416.0,6840,113,0.0,0,0,57.0,1.000230409,1,29
499,Quarter5,finishing,Thursday,4,0.8,4.3,,1200,0,0.0,0,0,10.0,0.989,1,29
500,Quarter5,sweing,Thursday,3,0.8,22.52,1287.0,6840,100,0.0,0,0,57.0,0.950185965,1,29
501,Quarter5,sweing,Thursday,4,0.8,22.52,1444.0,6900,88,0.0,0,0,57.5,0.9008,1,29
502,Quarter5,sweing,Thursday,10,0.8,22.52,1088.0,6720,88,0.0,0,0,56.0,0.900129762,1,29
503,Quarter5,finishing,Thursday,6,0.5,2.9,,1200,0,0.0,0,0,10.0,0.899,1,29
504,Quarter5,finishing,Thursday,8,0.65,4.15,,960,0,0.0,0,0,8.0,0.877552083,1,29
505,Quarter5,finishing,Thursday,11,0.6,2.9,,960,0,0.0,0,0,8.0,0.864583333,1,29
506,Quarter5,finishing,Thursday,10,0.8,3.94,,1200,0,0.0,0,0,10.0,0.85695,1,29
507,Quarter5,finishing,Thursday,1,0.75,3.94,,1200,0,0.0,0,0,10.0,0.853666667,1,29
508,Quarter5,sweing,Thursday,1,0.75,22.94,1579.0,6960,81,0.0,0,0,58.0,0.850362069,1,29
509,Quarter5,sweing,Thursday,9,0.7,29.12,1170.0,6960,53,0.0,0,0,58.0,0.850170115,1,29
510,Quarter5,sweing,Thursday,5,0.65,20.79,1015.0,7080,81,0.0,0,0,59.0,0.800473729,1,29
511,Quarter5,finishing,Thursday,2,0.8,3.94,,1200,0,0.0,0,0,10.0,0.773333333,1,29
512,Quarter5,sweing,Thursday,12,0.75,15.26,1436.0,4200,45,0.0,0,0,35.0,0.750646667,1,29
513,Quarter5,finishing,Thursday,12,0.75,4.08,,1080,0,0.0,0,0,9.0,0.634666667,1,29
514,Quarter5,sweing,Thursday,11,0.6,20.1,1601.0,4320,46,0.0,0,0,51.0,0.60059761,1,29
515,Quarter5,sweing,Thursday,6,0.5,18.79,717.0,3960,23,0.0,0,0,33.0,0.500117677,1,29
516,Quarter5,finishing,Thursday,3,0.8,3.94,,960,0,0.0,0,0,8.0,0.4925,1,29
517,Quarter5,sweing,Thursday,7,0.65,23.54,830.0,6600,0,0.0,0,0,55.0,0.48792,1,29
518,Quarter5,sweing,Saturday,3,0.8,22.52,1136.0,6960,113,0.0,0,0,58.0,1.000457471,1,31
519,Quarter5,sweing,Saturday,2,0.8,22.52,1397.0,6840,113,0.0,0,0,57.0,1.000230409,1,31
520,Quarter5,finishing,Saturday,2,0.8,3.94,,1200,0,0.0,0,0,10.0,0.971866667,1,31
521,Quarter5,finishing,Saturday,3,0.8,3.94,,960,0,0.0,0,0,8.0,0.971866667,1,31
522,Quarter5,finishing,Saturday,4,0.8,3.94,,1200,0,0.0,0,0,10.0,0.971866667,1,31
523,Quarter5,finishing,Saturday,10,0.8,3.94,,1200,0,0.0,0,0,10.0,0.971866667,1,31
524,Quarter5,finishing,Saturday,1,0.75,3.94,,1800,0,0.0,0,0,15.0,0.971866667,1,31
525,Quarter5,finishing,Saturday,9,0.75,3.94,,240,0,0.0,0,0,2.0,0.971866667,1,31
526,Quarter5,finishing,Saturday,12,0.75,4.08,,1080,0,0.0,0,0,9.0,0.971866667,1,31
527,Quarter5,finishing,Saturday,5,0.7,3.94,,240,0,0.0,0,0,2.0,0.971866667,1,31
528,Quarter5,finishing,Saturday,7,0.7,3.94,,1200,0,0.0,0,0,10.0,0.971866667,1,31
529,Quarter5,finishing,Saturday,8,0.65,3.94,,960,0,0.0,0,0,8.0,0.971866667,1,31
530,Quarter5,finishing,Saturday,11,0.65,3.94,,600,0,0.0,0,0,5.0,0.971866667,1,31
531,Quarter5,finishing,Saturday,6,0.6,3.94,,1200,0,0.0,0,0,10.0,0.971866667,1,31
532,Quarter5,sweing,Saturday,10,0.8,22.52,1116.0,6720,93,0.0,0,0,56.0,0.920236905,1,31
533,Quarter5,sweing,Saturday,4,0.8,22.52,1432.0,6660,88,0.0,0,0,57.5,0.900537069,1,31
534,Quarter5,sweing,Saturday,9,0.75,29.12,1082.0,6840,81,0.0,0,0,57.0,0.850610526,1,31
535,Quarter5,sweing,Saturday,1,0.75,22.94,1502.0,6960,81,0.0,0,0,58.0,0.850362069,1,31
536,Quarter5,sweing,Saturday,12,0.75,15.26,1209.0,4200,45,0.0,0,0,35.0,0.750646667,1,31
537,Quarter5,sweing,Saturday,5,0.7,50.89,282.0,5880,56,0.0,0,0,59.0,0.656763743,1,31
538,Quarter5,sweing,Saturday,11,0.65,20.1,1417.0,6480,49,0.0,0,0,54.0,0.650148148,1,31
539,Quarter5,sweing,Saturday,6,0.6,18.79,799.0,3960,23,0.0,0,0,33.0,0.600710606,1,31
540,Quarter5,sweing,Saturday,7,0.7,23.54,1109.0,6720,0,0.0,0,0,56.0,0.388830357,1,31
541,Quarter5,sweing,Saturday,8,0.5,23.54,1144.0,6480,0,0.0,0,0,54.0,0.286984568,1,31
542,Quarter1,finishing,Sunday,8,0.65,4.15,,960,0,0.0,0,0,8.0,1.0115625,2,1
543,Quarter1,sweing,Sunday,2,0.8,22.52,1396.0,6900,113,0.0,0,0,57.5,1.000671304,2,1
544,Quarter1,sweing,Sunday,1,0.8,22.94,1582.0,3060,113,0.0,0,0,58.5,1.000402055,2,1
545,Quarter1,finishing,Sunday,1,0.75,3.94,,2280,0,0.0,0,0,19.0,0.950438596,2,1
546,Quarter1,sweing,Sunday,3,0.8,22.52,1124.0,6840,100,0.0,0,0,57.0,0.950185965,2,1
547,Quarter1,finishing,Sunday,2,0.8,3.94,,1200,0,0.0,0,0,10.0,0.912766667,2,1
548,Quarter1,finishing,Sunday,7,0.7,3.94,,2160,0,0.0,0,0,18.0,0.892194444,2,1
549,Quarter1,finishing,Sunday,10,0.8,3.94,,1200,0,0.0,0,0,10.0,0.8865,2,1
550,Quarter1,sweing,Sunday,10,0.8,22.52,1282.0,6720,75,0.0,0,0,56.0,0.850532143,2,1
551,Quarter1,sweing,Sunday,4,0.8,22.52,1472.0,7020,60,0.0,0,0,58.5,0.85011396,2,1
552,Quarter1,finishing,Sunday,4,0.8,4.3,,1440,0,0.0,0,0,12.0,0.845069444,2,1
553,Quarter1,sweing,Sunday,9,0.75,29.12,1282.0,6960,45,0.0,0,0,58.0,0.750593103,2,1
554,Quarter1,sweing,Sunday,12,0.75,15.26,1276.0,1440,45,0.0,0,0,35.0,0.750450658,2,1
555,Quarter1,finishing,Sunday,12,0.75,4.08,,1080,0,0.0,0,0,9.0,0.702666667,2,1
556,Quarter1,sweing,Sunday,11,0.7,20.1,1192.0,6120,75,0.0,0,0,54.0,0.700508929,2,1
557,Quarter1,sweing,Sunday,6,0.65,18.79,881.0,3960,26,0.0,0,0,33.0,0.651007071,2,1
558,Quarter1,sweing,Sunday,8,0.6,24.26,1196.0,6600,0,0.0,0,0,55.0,0.466821212,2,1
559,Quarter1,sweing,Sunday,7,0.7,24.26,1400.0,6720,0,0.0,0,0,56.0,0.411553571,2,1
560,Quarter1,finishing,Sunday,6,0.6,2.9,,1200,0,0.0,0,0,10.0,0.314166667,2,1
561,Quarter1,sweing,Monday,1,0.8,22.94,16882.0,7020,113,0.0,0,0,58.5,1.000602279,2,2
562,Quarter1,finishing,Monday,9,0.75,3.94,,960,0,0.0,0,0,8.0,0.994270833,2,2
563,Quarter1,sweing,Monday,2,0.8,22.52,21385.0,7020,88,0.0,0,0,58.5,0.900158405,2,2
564,Quarter1,sweing,Monday,3,0.8,22.52,21266.0,6840,70,0.0,0,0,57.0,0.90014152,2,2
565,Quarter1,sweing,Monday,10,0.8,22.52,21540.0,6720,88,0.0,0,0,56.0,0.900129762,2,2
566,Quarter1,finishing,Monday,10,0.8,3.94,,1200,0,0.0,0,0,10.0,0.85695,2,2
567,Quarter1,finishing,Monday,4,0.8,4.3,,1440,0,0.0,0,0,12.0,0.809236111,2,2
568,Quarter1,sweing,Monday,12,0.8,15.26,12261.0,3600,63,0.0,0,0,35.0,0.800401961,2,2
569,Quarter1,sweing,Monday,4,0.8,22.52,23122.0,5940,50,0.0,0,0,56.5,0.800393224,2,2
570,Quarter1,sweing,Monday,9,0.75,29.12,8992.0,6960,55,0.0,0,0,58.0,0.799963218,2,2
571,Quarter1,finishing,Monday,12,0.75,4.08,,1080,0,0.0,0,0,9.0,0.740444444,2,2
572,Quarter1,sweing,Monday,11,0.7,20.55,9792.0,6480,60,0.0,0,0,54.0,0.700398148,2,2
573,Quarter1,sweing,Monday,6,0.7,18.79,2984.0,3960,30,0.0,0,0,33.0,0.700354545,2,2
574,Quarter1,finishing,Monday,8,0.65,4.15,,960,0,0.0,0,0,8.0,0.561979167,2,2
575,Quarter1,finishing,Monday,1,0.75,3.94,,2280,0,0.0,0,0,19.0,0.504596491,2,2
576,Quarter1,sweing,Monday,5,0.5,30.1,839.0,6960,0,0.0,0,0,58.0,0.500801724,2,2
577,Quarter1,sweing,Monday,7,0.7,24.26,2698.0,6720,0,0.0,0,0,56.0,0.295307738,2,2
578,Quarter1,finishing,Monday,6,0.6,2.9,,1200,0,0.0,0,0,10.0,0.280333333,2,2
579,Quarter1,sweing,Monday,8,0.65,24.26,1435.0,6600,0,0.0,0,0,55.0,0.260978788,2,2
580,Quarter1,finishing,Tuesday,2,0.8,3.94,,2400,0,0.0,0,0,20.0,1.001416667,2,3
581,Quarter1,sweing,Tuesday,1,0.8,22.52,1500.0,6900,113,0.0,0,0,57.5,1.000018551,2,3
582,Quarter1,sweing,Tuesday,10,0.8,22.52,1188.0,6720,90,0.0,0,0,56.0,0.999995238,2,3
583,Quarter1,finishing,Tuesday,1,0.8,3.94,,1200,0,0.0,0,0,10.0,0.99485,2,3
584,Quarter1,finishing,Tuesday,8,0.7,4.15,,960,0,0.0,0,0,8.0,0.976979167,2,3
585,Quarter1,sweing,Tuesday,3,0.8,22.52,1112.0,6840,100,0.0,0,0,57.0,0.950185965,2,3
586,Quarter1,sweing,Tuesday,2,0.8,22.52,1452.0,6960,100,0.0,0,0,58.0,0.949981609,2,3
587,Quarter1,finishing,Tuesday,9,0.75,3.94,,1320,0,0.0,0,0,11.0,0.919954545,2,3
588,Quarter1,sweing,Tuesday,4,0.8,22.52,340.0,5460,63,0.0,0,0,56.5,0.800434622,2,3
589,Quarter1,sweing,Tuesday,12,0.8,15.26,1029.0,2040,50,0.0,0,0,35.0,0.800259023,2,3
590,Quarter1,finishing,Tuesday,12,0.8,4.08,,1080,0,0.0,0,0,9.0,0.778222222,2,3
591,Quarter1,sweing,Tuesday,9,0.75,29.12,1070.0,6960,34,0.0,0,0,58.0,0.750593103,2,3
592,Quarter1,sweing,Tuesday,11,0.7,25.31,946.0,5760,60,0.0,0,0,54.0,0.700513566,2,3
593,Quarter1,sweing,Tuesday,6,0.7,18.79,913.0,4020,30,0.0,0,0,33.5,0.700184577,2,3
594,Quarter1,sweing,Tuesday,8,0.7,24.26,1363.0,6660,0,0.0,0,0,55.5,0.586465465,2,3
595,Quarter1,sweing,Tuesday,7,0.7,24.26,1639.0,6720,0,0.0,0,0,56.0,0.541517857,2,3
596,Quarter1,finishing,Tuesday,4,0.8,4.3,,1440,0,0.0,0,0,12.0,0.5375,2,3
597,Quarter1,finishing,Tuesday,6,0.7,2.9,,960,0,0.0,0,0,8.0,0.495416667,2,3
598,Quarter1,sweing,Tuesday,5,0.6,30.1,415.0,6960,0,0.0,0,0,58.0,0.415172414,2,3
599,Quarter1,sweing,Wednesday,2,0.8,22.52,1263.0,6900,100,0.0,0,0,57.5,1.05028058,2,4
600,Quarter1,sweing,Wednesday,3,0.8,22.52,968.0,6840,113,0.0,0,0,57.0,1.000230409,2,4
601,Quarter1,sweing,Wednesday,10,0.8,22.52,1108.0,6720,113,0.0,0,0,56.0,0.999995238,2,4
602,Quarter1,finishing,Wednesday,2,0.8,3.94,,2160,0,0.0,0,0,18.0,0.966759259,2,4
603,Quarter1,finishing,Wednesday,1,0.8,3.94,,1200,0,0.0,0,0,10.0,0.929183333,2,4
604,Quarter1,finishing,Wednesday,8,0.7,4.15,,3000,0,0.0,0,0,25.0,0.915766667,2,4
605,Quarter1,sweing,Wednesday,1,0.8,22.52,1532.0,6900,88,0.0,0,0,57.5,0.900147246,2,4
606,Quarter1,sweing,Wednesday,12,0.8,15.26,1094.0,4080,38,0.0,0,0,34.0,0.800401961,2,4
607,Quarter1,sweing,Wednesday,9,0.8,22.52,1086.0,6960,50,0.0,0,0,58.0,0.799963218,2,4
608,Quarter1,finishing,Wednesday,7,0.7,3.94,,960,0,0.0,0,0,8.0,0.779791667,2,4
609,Quarter1,finishing,Wednesday,9,0.75,3.94,,960,0,0.0,0,0,8.0,0.755166667,2,4
610,Quarter1,sweing,Wednesday,6,0.7,18.79,941.0,3360,30,0.0,0,0,33.0,0.700710417,2,4
611,Quarter1,sweing,Wednesday,7,0.7,24.26,1471.0,6960,0,0.0,0,0,58.0,0.700612069,2,4
612,Quarter1,sweing,Wednesday,11,0.7,10.05,1042.0,6120,60,0.0,0,0,53.0,0.700278846,2,4
613,Quarter1,sweing,Wednesday,8,0.7,29.12,1248.0,6840,0,0.0,0,0,57.0,0.700135088,2,4
614,Quarter1,finishing,Wednesday,12,0.8,4.08,,1080,0,0.0,0,0,9.0,0.687555556,2,4
615,Quarter1,sweing,Wednesday,5,0.65,30.1,326.0,5820,0,90.0,10,0,58.5,0.650834808,2,4
616,Quarter1,finishing,Wednesday,6,0.7,2.9,,960,0,0.0,0,0,8.0,0.531666667,2,4
617,Quarter1,sweing,Wednesday,4,0.35,30.1,287.0,6060,23,150.0,15,0,55.5,0.350706422,2,4
618,Quarter1,sweing,Thursday,2,0.8,22.52,1300.0,6780,113,0.0,0,0,56.5,1.000446018,2,5
619,Quarter1,sweing,Thursday,1,0.8,22.52,1485.0,6900,113,0.0,0,0,57.5,1.000018551,2,5
620,Quarter1,sweing,Thursday,10,0.8,22.52,1039.0,6720,113,0.0,0,0,56.0,0.999995238,2,5
621,Quarter1,finishing,Thursday,2,0.8,3.94,,2640,0,0.0,0,0,22.0,0.999924242,2,5
622,Quarter1,sweing,Thursday,3,0.8,22.52,1063.0,6840,100,0.0,0,0,57.0,0.950185965,2,5
623,Quarter1,finishing,Thursday,6,0.7,2.9,,960,0,0.0,0,0,8.0,0.9425,2,5
624,Quarter1,finishing,Thursday,12,0.8,4.08,,1080,0,0.0,0,0,9.0,0.906666667,2,5
625,Quarter1,finishing,Thursday,7,0.7,3.94,,1200,0,0.0,0,0,10.0,0.8471,2,5
626,Quarter1,finishing,Thursday,1,0.8,3.94,,1440,0,0.0,0,0,12.0,0.845458333,2,5
627,Quarter1,sweing,Thursday,12,0.8,15.26,1083.0,720,38,0.0,0,0,34.0,0.800612676,2,5
628,Quarter1,sweing,Thursday,9,0.8,29.12,1069.0,6960,50,0.0,0,0,58.0,0.799963218,2,5
629,Quarter1,finishing,Thursday,10,0.8,3.94,,960,0,0.0,0,0,8.0,0.771583333,2,5
630,Quarter1,sweing,Thursday,11,0.75,10.05,668.0,2520,34,0.0,0,0,26.0,0.7504,2,5
631,Quarter1,sweing,Thursday,6,0.7,18.79,766.0,2760,30,0.0,0,0,33.0,0.700079032,2,5
632,Quarter1,sweing,Thursday,5,0.7,30.1,557.0,6960,0,0.0,0,0,58.0,0.562212644,2,5
633,Quarter1,sweing,Thursday,7,0.07,24.26,1608.0,6960,0,0.0,0,0,58.0,0.522844828,2,5
634,Quarter1,sweing,Thursday,4,0.5,30.1,417.0,6360,23,0.0,0,1,53.0,0.500720126,2,5
635,Quarter1,sweing,Thursday,8,0.7,24.26,1167.0,6840,0,0.0,0,0,57.0,0.496549708,2,5
636,Quarter1,finishing,Saturday,2,0.8,3.94,,3000,0,0.0,0,0,25.0,1.050666667,2,7
637,Quarter1,sweing,Saturday,2,0.8,22.52,1186.0,6900,113,0.0,0,0,58.0,1.000018551,2,7
638,Quarter1,sweing,Saturday,3,0.8,22.52,1060.0,6840,100,0.0,0,0,57.0,0.950185965,2,7
639,Quarter1,sweing,Saturday,1,0.8,22.52,1534.0,6780,88,0.0,0,0,57.0,0.900135693,2,7
640,Quarter1,sweing,Saturday,10,0.8,22.52,1142.0,6720,88,0.0,0,0,56.0,0.900129762,2,7
641,Quarter1,finishing,Saturday,12,0.8,4.08,,1080,0,0.0,0,0,9.0,0.899111111,2,7
642,Quarter1,finishing,Saturday,1,0.8,3.94,,1200,0,0.0,0,0,10.0,0.870083333,2,7
643,Quarter1,finishing,Saturday,6,0.75,2.9,,960,0,0.0,0,0,8.0,0.845833333,2,7
644,Quarter1,sweing,Saturday,12,0.8,15.26,1021.0,4080,63,0.0,0,0,34.0,0.800401961,2,7
645,Quarter1,sweing,Saturday,9,0.8,29.12,829.0,6960,50,0.0,0,0,58.0,0.799963218,2,7
646,Quarter1,finishing,Saturday,9,0.8,3.94,,960,0,0.0,0,0,8.0,0.771583333,2,7
647,Quarter1,sweing,Saturday,6,0.75,18.79,813.0,1560,34,0.0,0,0,33.0,0.750520115,2,7
648,Quarter1,sweing,Saturday,11,0.75,10.05,677.0,3240,45,0.0,0,0,27.0,0.750027778,2,7
649,Quarter1,finishing,Saturday,7,0.7,3.94,,1200,0,0.0,0,0,10.0,0.715766667,2,7
650,Quarter1,sweing,Saturday,7,0.7,24.26,658.0,6960,0,270.0,45,0,58.0,0.662270115,2,7
651,Quarter1,sweing,Saturday,4,0.6,30.1,486.0,6780,30,0.0,0,1,57.0,0.600224189,2,7
652,Quarter1,sweing,Saturday,5,0.7,30.1,687.0,7500,0,0.0,0,0,59.0,0.545657673,2,7
653,Quarter1,finishing,Saturday,4,0.8,4.3,,960,0,0.0,0,0,8.0,0.447916667,2,7
654,Quarter1,sweing,Saturday,8,0.7,24.26,652.0,6840,0,300.0,37,0,57.0,0.365318713,2,7
655,Quarter2,sweing,Sunday,2,0.8,22.52,1233.0,6900,113,0.0,0,0,57.5,1.000018551,2,8
656,Quarter2,finishing,Sunday,7,0.7,4.15,,1440,0,0.0,0,0,12.0,0.928680556,2,8
657,Quarter2,sweing,Sunday,10,0.8,22.52,1388.0,6720,88,0.0,0,0,56.0,0.9008,2,8
658,Quarter2,sweing,Sunday,1,0.8,22.52,1615.0,6780,88,0.0,0,0,56.5,0.900135693,2,8
659,Quarter2,sweing,Sunday,3,0.8,22.52,1283.0,6720,88,0.0,0,0,56.0,0.900129762,2,8
660,Quarter2,finishing,Sunday,1,0.8,3.94,,1200,0,0.0,0,0,10.0,0.893066667,2,8
661,Quarter2,finishing,Sunday,12,0.8,4.08,,1080,0,0.0,0,0,9.0,0.891555556,2,8
662,Quarter2,finishing,Sunday,2,0.8,3.94,,2160,0,0.0,0,0,18.0,0.875555556,2,8
663,Quarter2,finishing,Sunday,8,0.7,4.15,,1800,0,0.0,0,0,15.0,0.840888889,2,8
664,Quarter2,sweing,Sunday,12,0.8,15.26,1026.0,2880,63,0.0,0,0,34.0,0.800355208,2,8
665,Quarter2,sweing,Sunday,9,0.8,29.12,909.0,6960,50,0.0,0,0,58.0,0.799963218,2,8
666,Quarter2,sweing,Sunday,6,0.75,18.79,670.0,3960,34,0.0,0,0,33.0,0.75065101,2,8
667,Quarter2,sweing,Sunday,11,0.75,10.05,629.0,3240,45,0.0,0,0,27.0,0.750027778,2,8
668,Quarter2,sweing,Sunday,5,0.7,30.1,754.0,7020,0,0.0,0,0,58.5,0.700618234,2,8
669,Quarter2,finishing,Sunday,6,0.75,2.9,,960,0,0.0,0,0,8.0,0.610208333,2,8
670,Quarter2,finishing,Sunday,9,0.8,3.94,,960,0,0.0,0,0,8.0,0.607416667,2,8
671,Quarter2,sweing,Sunday,4,0.65,30.1,712.0,6780,44,0.0,0,1,56.5,0.568259587,2,8
672,Quarter2,sweing,Sunday,7,0.7,24.26,148.0,6960,0,0.0,0,0,58.0,0.355534483,2,8
673,Quarter2,sweing,Sunday,8,0.7,24.26,154.0,6840,0,0.0,0,0,57.0,0.353259649,2,8
674,Quarter2,finishing,Monday,2,0.8,3.94,,2160,0,0.0,0,0,18.0,1.057962963,2,9
675,Quarter2,finishing,Monday,1,0.8,3.94,,1200,0,0.0,0,0,10.0,0.962016667,2,9
676,Quarter2,sweing,Monday,10,0.8,22.52,1127.0,120,88,0.0,0,0,56.0,0.9008,2,9
677,Quarter2,sweing,Monday,1,0.8,22.52,1506.0,3600,70,0.0,0,0,57.0,0.900509044,2,9
678,Quarter2,sweing,Monday,2,0.8,22.52,1413.0,360,70,0.0,0,0,57.0,0.900477825,2,9
679,Quarter2,finishing,Monday,6,0.75,2.9,,960,0,0.0,0,0,8.0,0.888125,2,9
680,Quarter2,sweing,Monday,12,0.8,15.26,970.0,4080,63,0.0,0,0,34.0,0.800401961,2,9
681,Quarter2,sweing,Monday,3,0.8,22.52,1271.0,5400,50,0.0,0,0,57.0,0.800161172,2,9
682,Quarter2,sweing,Monday,9,0.8,29.12,1073.0,6960,50,0.0,0,0,58.0,0.799963218,2,9
683,Quarter2,sweing,Monday,4,0.7,30.1,767.0,3300,50,0.0,0,1,57.0,0.790003236,2,9
684,Quarter2,sweing,Monday,11,0.75,10.05,103.0,0,45,0.0,0,0,54.0,0.750648148,2,9
685,Quarter2,finishing,Monday,8,0.35,4.15,,1800,0,0.0,0,0,15.0,0.707111111,2,9
686,Quarter2,sweing,Monday,5,0.7,30.1,773.0,7020,40,0.0,0,0,58.0,0.700618234,2,9
687,Quarter2,finishing,Monday,9,0.8,3.94,,960,0,0.0,0,0,8.0,0.697708333,2,9
688,Quarter2,sweing,Monday,6,0.75,18.79,708.0,4080,0,0.0,0,0,34.0,0.612517157,2,9
689,Quarter2,sweing,Monday,7,0.35,30.1,842.0,6960,0,0.0,0,1,58.0,0.350301724,2,9
690,Quarter2,sweing,Monday,8,0.35,30.1,901.0,6960,0,0.0,0,1,58.0,0.350301724,2,9
691,Quarter2,finishing,Monday,12,0.8,4.08,,1080,0,0.0,0,0,9.0,0.272,2,9
692,Quarter2,finishing,Tuesday,12,0.8,4.08,,1080,0,0.0,0,0,9.0,1.004888889,2,10
693,Quarter2,finishing,Tuesday,2,0.8,3.94,,2160,0,0.0,0,0,18.0,0.966759259,2,10
694,Quarter2,sweing,Tuesday,10,0.8,22.52,1268.0,0,88,0.0,0,0,56.0,0.90063244,2,10
695,Quarter2,sweing,Tuesday,1,0.8,22.52,1546.0,0,88,0.0,0,0,57.0,0.90047076,2,10
696,Quarter2,sweing,Tuesday,3,0.8,22.52,813.0,0,88,0.0,0,0,57.0,0.90047076,2,10
697,Quarter2,sweing,Tuesday,2,0.8,22.52,1512.0,0,88,0.0,0,0,57.0,0.899984058,2,10
698,Quarter2,finishing,Tuesday,1,0.8,3.94,,1440,0,0.0,0,0,12.0,0.853666667,2,10
699,Quarter2,sweing,Tuesday,9,0.8,29.12,1263.0,2160,38,0.0,0,0,58.0,0.8008,2,10
700,Quarter2,sweing,Tuesday,12,0.8,15.26,900.0,4080,50,0.0,0,0,34.0,0.800401961,2,10
701,Quarter2,finishing,Tuesday,4,0.7,4.15,,1800,0,0.0,0,0,15.0,0.796755556,2,10
702,Quarter2,sweing,Tuesday,6,0.75,18.79,640.0,2400,0,0.0,0,0,34.0,0.750797009,2,10
703,Quarter2,sweing,Tuesday,11,0.8,10.05,13.0,3240,34,0.0,0,0,54.0,0.750648148,2,10
704,Quarter2,sweing,Tuesday,5,0.75,30.1,855.0,7020,45,0.0,0,0,58.0,0.750356125,2,10
705,Quarter2,finishing,Tuesday,8,0.35,4.15,,960,0,0.0,0,0,8.0,0.703770833,2,10
706,Quarter2,sweing,Tuesday,4,0.7,30.1,855.0,7020,40,0.0,0,1,58.0,0.700618234,2,10
707,Quarter2,finishing,Tuesday,9,0.8,3.94,,960,0,0.0,0,0,8.0,0.6895,2,10
708,Quarter2,finishing,Tuesday,6,0.75,2.9,,960,0,0.0,0,0,8.0,0.628333333,2,10
709,Quarter2,sweing,Tuesday,7,0.5,30.1,1025.0,6960,23,0.0,0,1,58.0,0.500801724,2,10
710,Quarter2,sweing,Tuesday,8,0.5,30.1,1061.0,6960,30,0.0,0,1,58.0,0.393548851,2,10
711,Quarter2,finishing,Wednesday,4,0.7,4.15,,1800,0,0.0,0,0,15.0,1.033155556,2,11
712,Quarter2,finishing,Wednesday,12,0.8,4.08,,1080,0,0.0,0,0,9.0,1.02,2,11
713,Quarter2,sweing,Wednesday,2,0.8,22.52,1557.0,0,90,0.0,0,0,57.5,1.000344928,2,11
714,Quarter2,sweing,Wednesday,1,0.8,22.52,1498.0,0,113,0.0,0,0,57.0,1.000065789,2,11
715,Quarter2,finishing,Wednesday,8,0.35,4.15,,1440,0,0.0,0,0,12.0,0.994375,2,11
716,Quarter2,finishing,Wednesday,2,0.8,3.94,,2160,0,0.0,0,0,18.0,0.912037037,2,11
717,Quarter2,finishing,Wednesday,5,0.7,4.15,,240,0,0.0,0,0,2.0,0.87,2,11
718,Quarter2,sweing,Wednesday,10,0.8,22.52,598.0,0,75,0.0,0,0,56.0,0.850364583,2,11
719,Quarter2,sweing,Wednesday,6,0.8,18.79,656.0,3480,38,0.0,0,0,34.0,0.800947475,2,11
720,Quarter2,sweing,Wednesday,12,0.8,15.26,854.0,4080,50,0.0,0,0,34.0,0.800401961,2,11
721,Quarter2,sweing,Wednesday,9,0.8,29.12,609.0,3240,50,0.0,0,0,58.0,0.800144144,2,11
722,Quarter2,sweing,Wednesday,5,0.75,30.1,788.0,7380,56,0.0,0,0,59.5,0.750406233,2,11
723,Quarter2,sweing,Wednesday,8,0.6,30.1,1069.0,4560,30,0.0,0,1,58.0,0.714410494,2,11
724,Quarter2,sweing,Wednesday,4,0.7,30.1,667.0,5940,40,0.0,0,1,59.5,0.700588406,2,11
725,Quarter2,finishing,Wednesday,1,0.8,3.94,,1440,0,0.0,0,0,12.0,0.618361111,2,11
726,Quarter2,sweing,Wednesday,7,0.6,30.1,829.0,3360,23,0.0,0,1,58.0,0.600070513,2,11
727,Quarter2,finishing,Wednesday,9,0.8,3.94,,960,0,0.0,0,0,8.0,0.54175,2,11
728,Quarter2,sweing,Wednesday,3,0.8,22.52,11.0,6840,0,0.0,0,1,57.0,0.536901754,2,11
729,Quarter2,sweing,Wednesday,11,0.35,11.41,434.0,3240,0,0.0,0,1,52.0,0.507903226,2,11
730,Quarter2,sweing,Thursday,1,0.8,22.52,1397.0,0,138,0.0,0,0,57.0,1.100483918,2,12
731,Quarter2,finishing,Thursday,4,0.7,4.15,,1800,0,0.0,0,0,15.0,1.096633333,2,12
732,Quarter2,sweing,Thursday,2,0.8,22.52,1327.0,0,113,0.0,0,0,57.5,1.000344928,2,12
733,Quarter2,finishing,Thursday,12,0.8,4.08,,1080,0,0.0,0,0,9.0,0.838666667,2,12
734,Quarter2,sweing,Thursday,12,0.8,15.26,894.0,4080,50,0.0,0,0,34.0,0.800401961,2,12
735,Quarter2,finishing,Thursday,8,0.35,4.15,,1440,0,0.0,0,0,12.0,0.755486111,2,12
736,Quarter2,sweing,Thursday,5,0.75,30.1,610.0,7080,56,0.0,0,0,59.0,0.750799435,2,12
737,Quarter2,sweing,Thursday,6,0.8,18.79,779.0,3960,0,0.0,0,0,33.0,0.688017677,2,12
738,Quarter2,finishing,Thursday,1,0.8,3.94,,1440,0,0.0,0,0,12.0,0.664875,2,12
739,Quarter2,finishing,Thursday,9,0.8,3.94,,960,0,0.0,0,0,8.0,0.656666667,2,12
740,Quarter2,sweing,Thursday,4,0.7,30.1,419.0,7080,0,0.0,0,1,59.0,0.637711864,2,12
741,Quarter2,finishing,Thursday,2,0.8,3.94,,2160,0,0.0,0,0,18.0,0.601944444,2,12
742,Quarter2,finishing,Thursday,5,0.7,4.15,,240,0,0.0,0,0,2.0,0.58,2,12
743,Quarter2,sweing,Thursday,7,0.65,30.1,909.0,7080,0,0.0,0,1,59.0,0.535677966,2,12
744,Quarter2,sweing,Thursday,11,0.5,11.41,1039.0,2280,0,0.0,0,2,55.0,0.50012336,2,12
745,Quarter2,sweing,Thursday,9,0.8,29.12,14.0,6960,0,0.0,0,0,58.0,0.497885057,2,12
746,Quarter2,sweing,Thursday,8,0.65,30.1,1193.0,7080,0,0.0,0,1,59.0,0.463403955,2,12
747,Quarter2,sweing,Thursday,10,0.8,22.52,10.0,6000,0,0.0,0,0,50.0,0.441392,2,12
748,Quarter2,sweing,Thursday,3,0.35,30.1,770.0,6960,0,0.0,0,1,58.0,0.350301724,2,12
749,Quarter2,sweing,Saturday,1,0.8,22.52,1416.0,6840,113,0.0,0,0,57.0,1.000230409,2,14
750,Quarter2,finishing,Saturday,7,0.7,4.15,,1800,0,0.0,0,0,15.0,0.929277778,2,14
751,Quarter2,finishing,Saturday,4,0.75,4.15,,2400,0,0.0,0,0,20.0,0.902916667,2,14
752,Quarter2,finishing,Saturday,12,0.8,4.08,,1080,0,0.0,0,0,9.0,0.800888889,2,14
753,Quarter2,sweing,Saturday,12,0.8,15.26,942.0,4080,63,0.0,0,0,34.0,0.800401961,2,14
754,Quarter2,sweing,Saturday,2,0.8,22.52,674.0,3660,63,0.0,0,0,57.0,0.80037492,2,14
755,Quarter2,finishing,Saturday,1,0.8,3.94,,1440,0,0.0,0,0,12.0,0.796208333,2,14
756,Quarter2,sweing,Saturday,4,0.75,30.1,481.0,7140,0,0.0,0,1,59.0,0.750392157,2,14
757,Quarter2,sweing,Saturday,5,0.75,30.1,664.0,7140,56,0.0,0,0,59.0,0.750392157,2,14
758,Quarter2,finishing,Saturday,8,0.7,4.15,,960,0,0.0,0,0,8.0,0.725625,2,14
759,Quarter2,sweing,Saturday,8,0.7,30.1,824.0,5160,0,0.0,0,1,60.0,0.700206125,2,14
760,Quarter2,sweing,Saturday,7,0.7,30.1,957.0,7200,0,0.0,0,1,60.0,0.602,2,14
761,Quarter2,sweing,Saturday,11,0.6,11.41,1039.0,2280,23,0.0,0,2,55.0,0.600447507,2,14
762,Quarter2,sweing,Saturday,6,0.8,18.79,822.0,4080,0,0.0,0,0,34.0,0.557252451,2,14
763,Quarter2,sweing,Saturday,3,0.5,30.1,1261.0,6960,30,0.0,0,1,58.0,0.500801724,2,14
764,Quarter2,finishing,Saturday,6,0.8,2.9,,960,0,0.0,0,0,8.0,0.483333333,2,14
765,Quarter2,finishing,Saturday,9,0.8,3.94,,960,0,0.0,0,0,8.0,0.238041667,2,14
766,Quarter3,finishing,Sunday,1,0.8,3.94,,960,0,0.0,0,0,8.0,1.1204375,2,15
767,Quarter3,finishing,Sunday,2,0.8,3.94,,960,0,0.0,0,0,8.0,1.108125,2,15
768,Quarter3,sweing,Sunday,1,0.8,22.52,1420.0,6840,113,0.0,0,0,57.0,1.000230409,2,15
769,Quarter3,finishing,Sunday,12,0.8,4.08,,1080,0,0.0,0,0,9.0,0.876444444,2,15
770,Quarter3,sweing,Sunday,12,0.8,15.26,1120.0,1440,50,0.0,0,0,34.0,0.800806306,2,15
771,Quarter3,finishing,Sunday,5,0.75,4.15,,240,0,0.0,0,0,2.0,0.760833333,2,15
772,Quarter3,sweing,Sunday,5,0.8,30.1,679.0,7140,0,0.0,0,0,59.5,0.722568627,2,15
773,Quarter3,finishing,Sunday,11,0.6,2.9,,1200,0,0.0,0,0,10.0,0.715333333,2,15
774,Quarter3,sweing,Sunday,7,0.7,30.1,881.0,7080,0,0.0,0,1,59.0,0.700632768,2,15
775,Quarter3,sweing,Sunday,8,0.7,30.1,507.0,5880,40,2.0,10,1,59.0,0.700573099,2,15
776,Quarter3,sweing,Sunday,6,0.75,18.79,814.0,4080,0,0.0,0,0,34.0,0.681598039,2,15
777,Quarter3,sweing,Sunday,11,0.65,11.41,700.0,2640,23,0.0,0,2,53.0,0.650223718,2,15
778,Quarter3,finishing,Sunday,8,0.7,4.15,,960,0,0.0,0,0,8.0,0.605208333,2,15
779,Quarter3,finishing,Sunday,6,0.8,2.9,,960,0,0.0,0,0,8.0,0.604166667,2,15
780,Quarter3,sweing,Sunday,4,0.75,30.1,919.0,7140,0,0.0,0,1,59.5,0.598627451,2,15
781,Quarter3,sweing,Sunday,3,0.6,30.1,1361.0,6960,30,0.0,0,1,58.0,0.475718391,2,15
782,Quarter3,sweing,Sunday,2,0.8,22.52,12.0,6900,0,0.0,0,0,57.5,0.432122899,2,15
783,Quarter3,finishing,Sunday,4,0.75,4.15,,2400,0,0.0,0,0,20.0,0.287041667,2,15
784,Quarter3,sweing,Sunday,9,0.5,18.79,1688.0,5280,0,0.0,0,1,54.0,0.283054487,2,15
785,Quarter3,sweing,Monday,1,0.8,22.52,1422.0,6840,113,0.0,0,0,57.0,1.000230409,2,16
786,Quarter3,finishing,Monday,9,0.8,3.94,,1200,0,0.0,0,0,10.0,0.960433333,2,16
787,Quarter3,finishing,Monday,12,0.8,4.08,,1080,0,0.0,0,0,9.0,0.891555556,2,16
788,Quarter3,finishing,Monday,3,0.5,4.15,,960,0,0.0,0,0,8.0,0.864583333,2,16
789,Quarter3,sweing,Monday,3,0.65,30.1,1263.0,600,63,0.0,0,1,58.0,0.802243319,2,16
790,Quarter3,sweing,Monday,5,0.8,30.1,461.0,0,0,0.0,0,0,59.0,0.800980392,2,16
791,Quarter3,sweing,Monday,12,0.8,15.26,1079.0,3720,38,0.0,0,0,34.0,0.800312375,2,16
792,Quarter3,finishing,Monday,6,0.8,2.9,,960,0,0.0,0,0,8.0,0.773333333,2,16
793,Quarter3,sweing,Monday,6,0.75,18.79,895.0,3960,0,0.0,0,0,33.0,0.75065101,2,16
794,Quarter3,sweing,Monday,4,0.75,30.1,912.0,7020,0,0.0,0,1,58.0,0.750356125,2,16
795,Quarter3,finishing,Monday,4,0.75,4.15,,1800,0,0.0,0,0,15.0,0.722333333,2,16
796,Quarter3,sweing,Monday,7,0.7,30.1,784.0,600,30,0.0,0,1,59.0,0.700459889,2,16
797,Quarter3,finishing,Monday,5,0.75,4.15,,1200,0,0.0,0,0,10.0,0.629416667,2,16
798,Quarter3,sweing,Monday,8,0.7,30.1,7.0,7080,27,2.0,10,2,59.0,0.621971751,2,16
799,Quarter3,sweing,Monday,11,0.7,11.41,680.0,2160,30,0.0,0,2,54.0,0.565972222,2,16
800,Quarter3,sweing,Monday,10,0.6,18.22,1131.0,5280,0,0.0,0,1,44.0,0.35542803,2,16
801,Quarter3,sweing,Monday,9,0.6,18.79,2103.0,5400,0,0.0,0,1,54.0,0.329964879,2,16
802,Quarter3,finishing,Monday,7,0.7,4.15,,1800,0,0.0,0,0,15.0,0.258,2,16
803,Quarter3,sweing,Tuesday,1,0.8,22.52,1445.0,6840,113,0.0,0,0,57.0,1.000230409,2,17
804,Quarter3,finishing,Tuesday,10,0.8,3.94,,960,0,0.0,0,0,8.0,0.927541667,2,17
805,Quarter3,finishing,Tuesday,7,0.7,5.13,,1200,0,0.0,0,0,10.0,0.91375,2,17
806,Quarter3,finishing,Tuesday,12,0.8,5.13,,1080,0,0.0,0,0,9.0,0.9025,2,17
807,Quarter3,sweing,Tuesday,12,0.8,15.26,1133.0,4080,38,0.0,0,0,34.0,0.800401961,2,17
808,Quarter3,finishing,Tuesday,3,0.5,5.13,,1800,0,0.0,0,0,15.0,0.7866,2,17
809,Quarter3,sweing,Tuesday,6,0.75,18.79,726.0,3360,0,0.0,0,0,33.0,0.750621354,2,17
810,Quarter3,sweing,Tuesday,4,0.75,30.1,849.0,7020,45,0.0,0,1,58.0,0.750356125,2,17
811,Quarter3,finishing,Tuesday,6,0.8,2.9,,960,0,0.0,0,0,8.0,0.749166667,2,17
812,Quarter3,sweing,Tuesday,7,0.7,30.1,562.0,840,30,0.0,0,1,59.0,0.700888203,2,17
813,Quarter3,sweing,Tuesday,11,0.7,11.41,1054.0,3420,30,0.0,0,2,56.0,0.700614035,2,17
814,Quarter3,sweing,Tuesday,3,0.7,30.1,1422.0,6960,50,0.0,0,1,58.0,0.700603448,2,17
815,Quarter3,finishing,Tuesday,4,0.75,5.13,,960,0,0.0,0,0,8.0,0.656666667,2,17
816,Quarter3,sweing,Tuesday,5,0.8,30.1,680.0,7140,0,0.0,0,0,59.0,0.653431373,2,17
817,Quarter3,sweing,Tuesday,9,0.65,18.79,2120.0,5520,0,0.0,0,1,51.0,0.650134,2,17
818,Quarter3,sweing,Tuesday,8,0.6,29.4,179.0,0,23,5.0,30,2,58.0,0.600982906,2,17
819,Quarter3,finishing,Tuesday,9,0.8,3.94,,960,0,0.0,0,0,8.0,0.586041667,2,17
820,Quarter3,finishing,Tuesday,2,0.8,5.13,,1800,0,0.0,0,0,15.0,0.5814,2,17
821,Quarter3,sweing,Tuesday,2,0.5,30.33,838.0,6720,0,0.0,0,1,56.0,0.361071429,2,17
822,Quarter3,sweing,Tuesday,10,0.65,18.22,741.0,0,0,8.0,35,1,49.0,0.302117347,2,17
823,Quarter3,finishing,Wednesday,12,0.8,5.13,,1200,0,0.0,0,0,10.0,0.9918,2,18
824,Quarter3,finishing,Wednesday,6,0.8,2.9,,1440,0,0.0,0,0,12.0,0.936861111,2,18
825,Quarter3,finishing,Wednesday,2,0.8,5.13,,1440,0,0.0,0,0,12.0,0.919125,2,18
826,Quarter3,sweing,Wednesday,11,0.7,11.41,685.0,3360,30,0.0,0,2,56.0,0.8211125,2,18
827,Quarter3,sweing,Wednesday,4,0.8,30.1,864.0,480,50,0.0,0,1,58.0,0.800980392,2,18
828,Quarter3,sweing,Wednesday,5,0.8,30.1,511.0,0,0,0.0,0,0,59.0,0.800980392,2,18
829,Quarter3,sweing,Wednesday,12,0.8,15.26,1095.0,4080,63,0.0,0,0,34.0,0.800401961,2,18
830,Quarter3,sweing,Wednesday,1,0.8,22.52,1374.0,3960,63,0.0,0,0,57.0,0.800279693,2,18
831,Quarter3,sweing,Wednesday,6,0.75,18.79,759.0,3960,34,0.0,0,0,33.0,0.75065101,2,18
832,Quarter3,sweing,Wednesday,7,0.75,30.1,553.0,2280,45,0.0,0,1,59.0,0.75053268,2,18
833,Quarter3,finishing,Wednesday,4,0.75,5.13,,960,0,0.0,0,0,8.0,0.734645833,2,18
834,Quarter3,sweing,Wednesday,3,0.7,30.1,1057.0,0,40,0.0,0,1,58.0,0.700603448,2,18
835,Quarter3,sweing,Wednesday,9,0.7,18.79,1587.0,4560,30,0.0,0,1,51.0,0.70009573,2,18
836,Quarter3,finishing,Wednesday,7,0.7,5.13,,960,0,0.0,0,0,8.0,0.671875,2,18
837,Quarter3,finishing,Wednesday,10,0.8,3.94,,960,0,0.0,0,0,8.0,0.64025,2,18
838,Quarter3,finishing,Wednesday,8,0.7,5.13,,960,0,0.0,0,0,8.0,0.58,2,18
839,Quarter3,finishing,Wednesday,9,0.8,3.94,,960,0,0.0,0,0,8.0,0.549791667,2,18
840,Quarter3,sweing,Wednesday,2,0.6,30.33,868.0,6840,0,0.0,0,1,57.0,0.328131579,2,18
841,Quarter3,sweing,Wednesday,10,0.7,19.68,1119.0,5640,0,8.0,35,1,47.0,0.303574468,2,18
842,Quarter3,finishing,Wednesday,3,0.5,5.13,,960,0,0.0,0,0,8.0,0.2565,2,18
843,Quarter3,sweing,Wednesday,8,0.65,29.4,962.0,4560,0,4.5,30,2,57.0,0.251399254,2,18
844,Quarter3,finishing,Thursday,3,0.5,5.13,,2880,0,0.0,0,0,12.0,0.81640625,2,19
845,Quarter3,sweing,Thursday,12,0.8,15.26,1126.0,1080,38,0.0,0,0,34.0,0.800711494,2,19
846,Quarter3,sweing,Thursday,1,0.8,22.52,265.0,3840,63,0.0,0,0,57.0,0.800470513,2,19
847,Quarter3,sweing,Thursday,4,0.8,30.1,859.0,7020,63,0.0,0,1,58.5,0.800094017,2,19
848,Quarter3,sweing,Thursday,5,0.8,30.1,276.0,600,63,3.5,15,0,59.5,0.799982853,2,19
849,Quarter3,finishing,Thursday,6,0.8,2.9,,4320,0,0.0,0,0,18.0,0.785864198,2,19
850,Quarter3,sweing,Thursday,6,0.75,18.79,899.0,3960,56,0.0,0,0,33.0,0.75065101,2,19
851,Quarter3,finishing,Thursday,10,0.8,3.94,,2400,0,0.0,0,0,10.0,0.733277778,2,19
852,Quarter3,finishing,Thursday,2,0.8,5.13,,3600,0,0.0,0,0,15.0,0.710125,2,19
853,Quarter3,sweing,Thursday,3,0.7,30.1,247.0,6960,50,0.0,0,1,58.0,0.700603448,2,19
854,Quarter3,sweing,Thursday,11,0.7,11.41,653.0,3480,30,0.0,0,2,58.0,0.700540441,2,19
855,Quarter3,sweing,Thursday,8,0.7,29.4,1116.0,6240,0,0.0,0,2,57.0,0.7,2,19
856,Quarter3,finishing,Thursday,4,0.75,5.13,,1920,0,0.0,0,0,8.0,0.684027778,2,19
857,Quarter3,finishing,Thursday,8,0.7,5.13,,1920,0,0.0,0,0,8.0,0.672135417,2,19
858,Quarter3,sweing,Thursday,9,0.7,18.79,1603.0,6120,30,0.0,0,1,51.0,0.638614379,2,19
859,Quarter3,finishing,Thursday,5,0.75,5.13,,1920,0,0.0,0,0,8.0,0.631354167,2,19
860,Quarter3,sweing,Thursday,7,0.75,30.1,444.0,0,0,5.0,20,1,59.0,0.611140537,2,19
861,Quarter3,finishing,Thursday,12,0.8,5.13,,2160,0,0.0,0,0,9.0,0.609583333,2,19
862,Quarter3,sweing,Thursday,2,0.65,30.33,841.0,6840,0,0.0,0,1,57.0,0.585315789,2,19
863,Quarter3,sweing,Thursday,10,0.7,19.68,1410.0,5760,0,0.0,0,1,48.0,0.249416667,2,19
864,Quarter4,finishing,Sunday,3,0.5,5.13,,1800,0,0.0,0,0,15.0,0.8721,2,22
865,Quarter4,finishing,Sunday,6,0.8,2.9,,960,0,0.0,0,0,8.0,0.8319375,2,22
866,Quarter4,finishing,Sunday,2,0.8,5.13,,4800,0,0.0,0,0,20.0,0.8300625,2,22
867,Quarter4,finishing,Sunday,11,0.6,2.9,,2880,0,0.0,0,0,12.0,0.805555556,2,22
868,Quarter4,sweing,Sunday,12,0.8,15.26,1103.0,4080,63,0.0,0,0,34.0,0.800401961,2,22
869,Quarter4,sweing,Sunday,4,0.8,30.1,922.0,5820,63,0.0,0,1,59.0,0.80000295,2,22
870,Quarter4,finishing,Sunday,12,0.8,5.13,,2400,0,0.0,0,0,10.0,0.78375,2,22
871,Quarter4,finishing,Sunday,9,0.8,3.94,,2400,0,0.0,0,0,10.0,0.753525,2,22
872,Quarter4,sweing,Sunday,6,0.75,18.79,1055.0,3960,45,0.0,0,0,33.0,0.75065101,2,22
873,Quarter4,finishing,Sunday,1,0.8,3.94,,2880,0,0.0,0,0,12.0,0.727349537,2,22
874,Quarter4,sweing,Sunday,8,0.7,29.4,1146.0,6840,40,0.0,0,2,57.0,0.700614035,2,22
875,Quarter4,sweing,Sunday,2,0.7,30.33,746.0,6840,0,0.0,0,1,57.0,0.700605263,2,22
876,Quarter4,sweing,Sunday,11,0.75,11.41,834.0,3480,0,0.0,0,2,58.0,0.672140805,2,22
877,Quarter4,sweing,Sunday,9,0.7,18.79,1717.0,3240,30,0.0,0,1,57.0,0.627011183,2,22
878,Quarter4,sweing,Sunday,3,0.7,30.1,1041.0,8160,33,0.0,0,2,58.0,0.626577778,2,22
879,Quarter4,sweing,Sunday,10,0.7,21.25,1531.0,6000,0,0.0,0,1,50.0,0.456875,2,22
880,Quarter4,sweing,Sunday,7,0.75,30.1,627.0,6960,0,3.5,20,1,58.0,0.393548851,2,22
881,Quarter4,finishing,Sunday,10,0.8,3.94,,960,0,0.0,0,0,8.0,0.385791667,2,22
882,Quarter4,sweing,Sunday,5,0.8,30.1,450.0,5700,0,4.5,25,0,60.0,0.307501459,2,22
883,Quarter4,finishing,Sunday,7,0.7,5.13,,960,0,0.0,0,0,8.0,0.283958333,2,22
884,Quarter4,finishing,Monday,10,0.8,3.94,,2400,0,0.0,0,0,20.0,0.955791667,2,23
885,Quarter4,finishing,Monday,8,0.7,5.13,,960,0,0.0,0,0,8.0,0.930416667,2,23
886,Quarter4,finishing,Monday,12,0.8,5.13,,1080,0,0.0,0,0,9.0,0.9025,2,23
887,Quarter4,finishing,Monday,3,0.8,5.13,,2160,0,0.0,0,0,18.0,0.87115,2,23
888,Quarter4,sweing,Monday,12,0.8,15.26,1060.0,4080,63,0.0,0,0,34.0,0.800401961,2,23
889,Quarter4,sweing,Monday,4,0.8,30.1,891.0,7140,38,0.0,0,1,59.0,0.800137255,2,23
890,Quarter4,sweing,Monday,5,0.8,30.1,541.0,7140,38,0.0,0,0,59.0,0.800137255,2,23
891,Quarter4,sweing,Monday,7,0.75,30.1,709.0,6960,45,0.0,0,1,58.0,0.750770115,2,23
892,Quarter4,sweing,Monday,6,0.75,18.79,1100.0,3960,45,0.0,0,0,33.0,0.75065101,2,23
893,Quarter4,sweing,Monday,11,0.75,11.41,826.0,2820,0,0.0,0,2,58.0,0.750293939,2,23
894,Quarter4,sweing,Monday,2,0.7,30.33,577.0,2160,30,0.0,0,1,58.0,0.700623,2,23
895,Quarter4,sweing,Monday,8,0.7,29.4,1094.0,6840,40,0.0,0,2,57.0,0.700614035,2,23
896,Quarter4,sweing,Monday,3,0.7,29.4,1228.0,6960,30,0.0,0,2,58.0,0.700362069,2,23
897,Quarter4,sweing,Monday,9,0.7,18.79,1641.0,6000,40,0.0,0,1,50.0,0.60128,2,23
898,Quarter4,sweing,Monday,10,0.7,21.25,1583.0,6000,0,0.0,0,1,50.0,0.417916667,2,23
899,Quarter4,finishing,Monday,6,0.8,2.9,,960,0,0.0,0,0,8.0,0.3715625,2,23
900,Quarter4,finishing,Monday,9,0.8,2.9,,960,0,0.0,0,0,8.0,0.3715625,2,23
901,Quarter4,finishing,Monday,2,0.8,5.13,,960,0,0.0,0,0,8.0,0.36871875,2,23
902,Quarter4,finishing,Monday,7,0.7,5.13,,960,0,0.0,0,0,8.0,0.356458333,2,23
903,Quarter4,finishing,Tuesday,10,0.7,2.9,,1800,0,0.0,0,0,15.0,0.902222222,2,24
904,Quarter4,finishing,Tuesday,3,0.8,4.6,,1440,0,0.0,0,0,12.0,0.811388889,2,24
905,Quarter4,sweing,Tuesday,12,0.8,15.26,1062.0,4080,50,0.0,0,0,34.0,0.800401961,2,24
906,Quarter4,sweing,Tuesday,5,0.8,30.1,450.0,7140,50,0.0,0,0,60.0,0.800137255,2,24
907,Quarter4,sweing,Tuesday,4,0.8,30.1,901.0,6480,50,0.0,0,1,59.0,0.800071839,2,24
908,Quarter4,finishing,Tuesday,8,0.7,4.6,,960,0,0.0,0,0,8.0,0.791458333,2,24
909,Quarter4,sweing,Tuesday,7,0.75,30.1,739.0,5640,45,0.0,0,1,59.0,0.750727326,2,24
910,Quarter4,sweing,Tuesday,6,0.75,18.79,913.0,3360,45,0.0,0,0,33.0,0.75065101,2,24
911,Quarter4,sweing,Tuesday,11,0.75,11.61,698.0,3360,34,0.0,0,2,57.0,0.750437269,2,24
912,Quarter4,sweing,Tuesday,3,0.75,29.4,1172.0,5340,45,0.0,0,2,60.0,0.750176991,2,24
913,Quarter4,finishing,Tuesday,6,0.75,2.9,,1800,0,0.0,0,0,15.0,0.726933333,2,24
914,Quarter4,finishing,Tuesday,9,0.7,2.9,,1800,0,0.0,0,0,15.0,0.726933333,2,24
915,Quarter4,sweing,Tuesday,2,0.7,30.33,408.0,1680,30,0.0,0,1,59.0,0.700623,2,24
916,Quarter4,sweing,Tuesday,8,0.7,29.4,1079.0,4560,40,0.0,0,2,58.0,0.700518519,2,24
917,Quarter4,sweing,Tuesday,9,0.7,18.79,1068.0,3000,30,0.0,0,1,52.0,0.700256795,2,24
918,Quarter4,finishing,Tuesday,11,0.7,2.9,,960,0,0.0,0,0,8.0,0.5046875,2,24
919,Quarter4,sweing,Tuesday,10,0.7,21.25,1834.0,6360,0,0.0,0,1,53.0,0.471108491,2,24
920,Quarter4,finishing,Tuesday,2,0.7,3.9,,960,0,0.0,0,0,8.0,0.325,2,24
921,Quarter4,sweing,Tuesday,1,0.6,22.53,708.0,5040,0,0.0,0,1,42.0,0.268214286,2,24
922,Quarter4,sweing,Wednesday,9,0.75,18.79,1085.0,6240,56,0.0,0,1,52.0,0.970816667,2,25
923,Quarter4,finishing,Wednesday,5,0.8,4.6,,1080,0,0.0,0,0,9.0,0.902962963,2,25
924,Quarter4,finishing,Wednesday,3,0.8,4.6,,2400,0,0.0,0,0,20.0,0.900833333,2,25
925,Quarter4,finishing,Wednesday,12,0.8,4.6,,1800,0,0.0,0,0,15.0,0.899555556,2,25
926,Quarter4,finishing,Wednesday,10,0.7,2.9,,1200,0,0.0,0,0,10.0,0.845833333,2,25
927,Quarter4,sweing,Wednesday,4,0.8,30.1,323.0,4080,50,0.0,0,1,59.0,0.800808642,2,25
928,Quarter4,sweing,Wednesday,12,0.8,15.26,1053.0,4080,50,0.0,0,0,34.0,0.800401961,2,25
929,Quarter4,sweing,Wednesday,7,0.8,30.1,786.0,7080,50,0.0,0,2,59.0,0.800115819,2,25
930,Quarter4,sweing,Wednesday,6,0.75,18.79,1003.0,3960,45,0.0,0,1,33.0,0.75065101,2,25
931,Quarter4,sweing,Wednesday,11,0.75,11.61,635.0,3360,45,0.0,0,0,57.0,0.750503571,2,25
932,Quarter4,sweing,Wednesday,3,0.75,29.4,1283.0,6960,45,0.0,0,2,58.0,0.750206897,2,25
933,Quarter4,sweing,Wednesday,8,0.7,29.4,847.0,6960,30,0.0,0,1,58.0,0.700362069,2,25
934,Quarter4,sweing,Wednesday,2,0.7,30.33,361.0,3960,30,0.0,0,1,58.0,0.700069811,2,25
935,Quarter4,sweing,Wednesday,10,0.7,21.82,1653.0,6240,0,0.0,0,2,52.0,0.700058333,2,25
936,Quarter4,finishing,Wednesday,7,0.75,4.6,,960,0,0.0,0,0,8.0,0.676666667,2,25
937,Quarter4,finishing,Wednesday,8,0.7,4.6,,960,0,0.0,0,0,8.0,0.658541667,2,25
938,Quarter4,sweing,Wednesday,5,0.8,30.1,15.0,1200,49,0.0,0,1,59.0,0.598792339,2,25
939,Quarter4,sweing,Wednesday,1,0.65,22.53,762.0,5040,0,0.0,0,1,42.0,0.581130952,2,25
940,Quarter4,finishing,Wednesday,2,0.7,3.9,,960,0,0.0,0,0,8.0,0.440375,2,25
941,Quarter4,finishing,Wednesday,6,0.75,2.9,,960,0,0.0,0,0,8.0,0.410833333,2,25
942,Quarter4,finishing,Wednesday,9,0.7,2.9,,960,0,0.0,0,0,8.0,0.410833333,2,25
943,Quarter4,finishing,Thursday,3,0.8,4.6,,6300,0,0.0,0,0,15.0,0.921703704,2,26
944,Quarter4,finishing,Thursday,5,0.8,4.6,,7560,0,0.0,0,0,18.0,0.921604938,2,26
945,Quarter4,sweing,Thursday,7,0.8,30.1,694.0,4080,50,0.0,0,1,59.0,0.800808642,2,26
946,Quarter4,sweing,Thursday,11,0.8,11.61,816.0,2820,50,0.0,0,2,57.0,0.800516667,2,26
947,Quarter4,sweing,Thursday,12,0.8,15.26,1065.0,4080,63,0.0,0,0,34.0,0.800401961,2,26
948,Quarter4,finishing,Thursday,1,0.5,3.94,,3360,0,0.0,0,0,8.0,0.768847222,2,26
949,Quarter4,sweing,Thursday,6,0.75,18.79,912.0,3960,45,0.0,0,0,33.0,0.75065101,2,26
950,Quarter4,sweing,Thursday,3,0.75,29.4,1244.0,6840,45,0.0,0,2,57.0,0.750473684,2,26
951,Quarter4,sweing,Thursday,9,0.75,18.79,1020.0,5640,45,0.0,0,1,52.0,0.750371895,2,26
952,Quarter4,sweing,Thursday,8,0.75,29.4,916.0,6960,56,0.0,0,2,58.0,0.750206897,2,26
953,Quarter4,sweing,Thursday,10,0.7,21.82,1591.0,3240,0,0.0,0,1,52.0,0.700251773,2,26
954,Quarter4,sweing,Thursday,2,0.7,30.33,398.0,6960,0,0.0,0,1,58.0,0.66237931,2,26
955,Quarter4,finishing,Thursday,12,0.8,4.6,,3780,0,0.0,0,0,9.0,0.590617284,2,26
956,Quarter4,finishing,Thursday,2,0.7,3.9,,960,0,0.0,0,0,8.0,0.5565625,2,26
957,Quarter4,sweing,Thursday,4,0.8,30.1,437.0,7080,32,0.0,0,2,59.0,0.495617514,2,26
958,Quarter4,sweing,Thursday,5,0.35,27.48,413.0,6840,38,0.0,0,1,57.0,0.449964912,2,26
959,Quarter4,finishing,Thursday,10,0.7,2.9,,3360,0,0.0,0,0,8.0,0.410833333,2,26
960,Quarter4,finishing,Thursday,9,0.75,2.9,,960,0,0.0,0,0,8.0,0.4078125,2,26
961,Quarter4,sweing,Thursday,1,0.35,26.66,1164.0,6600,23,0.0,0,2,55.0,0.378895152,2,26
962,Quarter4,finishing,Thursday,8,0.75,4.6,,3360,0,0.0,0,0,8.0,0.376597222,2,26
963,Quarter4,finishing,Thursday,6,0.75,2.9,,3360,0,0.0,0,0,8.0,0.271875,2,26
964,Quarter4,finishing,Saturday,3,0.8,4.6,,6300,0,0.0,0,0,15.0,0.921703704,2,28
965,Quarter4,finishing,Saturday,5,0.8,4.6,,7560,0,0.0,0,0,18.0,0.921604938,2,28
966,Quarter4,sweing,Saturday,11,0.8,11.61,954.0,0,50,0.0,0,2,58.0,0.800779018,2,28
967,Quarter4,sweing,Saturday,12,0.8,15.26,1194.0,1700,62,0.0,0,0,34.0,0.800260821,2,28
968,Quarter4,sweing,Saturday,7,0.8,30.1,644.0,840,38,0.0,0,1,59.0,0.799982853,2,28
969,Quarter4,finishing,Saturday,1,0.5,3.94,,3360,0,0.0,0,0,8.0,0.768847222,2,28
970,Quarter4,sweing,Saturday,3,0.75,29.4,1144.0,4440,45,0.0,0,2,57.0,0.750716981,2,28
971,Quarter4,sweing,Saturday,6,0.75,18.79,1012.0,3960,45,0.0,0,0,33.0,0.75065101,2,28
972,Quarter4,sweing,Saturday,8,0.75,29.4,792.0,4560,56,0.0,0,2,58.0,0.750425926,2,28
973,Quarter4,sweing,Saturday,9,0.75,18.79,841.0,6240,45,0.0,0,1,52.0,0.750395513,2,28
974,Quarter4,sweing,Saturday,10,0.7,21.82,1448.0,6120,40,0.0,0,1,51.0,0.700236601,2,28
975,Quarter4,sweing,Saturday,2,0.7,30.33,512.0,4560,0,0.0,0,1,58.0,0.700211111,2,28
976,Quarter4,finishing,Saturday,12,0.8,4.6,,3780,0,0.0,0,0,9.0,0.590617284,2,28
977,Quarter4,finishing,Saturday,2,0.7,3.9,,960,0,0.0,0,0,8.0,0.5565625,2,28
978,Quarter4,sweing,Saturday,5,0.5,27.48,609.0,6840,30,0.0,0,1,57.0,0.550403509,2,28
979,Quarter4,sweing,Saturday,1,0.5,26.66,1448.0,6840,30,0.0,0,2,57.0,0.550349708,2,28
980,Quarter4,sweing,Saturday,4,0.5,26.66,556.0,6960,23,0.0,0,2,58.0,0.500258046,2,28
981,Quarter4,finishing,Saturday,10,0.7,2.9,,3360,0,0.0,0,0,8.0,0.410833333,2,28
982,Quarter4,finishing,Saturday,9,0.75,2.9,,960,0,0.0,0,0,8.0,0.4078125,2,28
983,Quarter4,finishing,Saturday,8,0.75,4.6,,3360,0,0.0,0,0,8.0,0.376597222,2,28
984,Quarter4,finishing,Saturday,6,0.75,2.9,,3360,0,0.0,0,0,8.0,0.271875,2,28
985,Quarter1,finishing,Sunday,3,0.8,4.6,,10500,0,0.0,0,0,25.0,0.936355556,3,1
986,Quarter1,finishing,Sunday,8,0.75,4.6,,3360,0,0.0,0,0,8.0,0.813611111,3,1
987,Quarter1,sweing,Sunday,12,0.8,15.26,1106.0,4080,63,0.0,0,0,34.0,0.800401961,3,1
988,Quarter1,sweing,Sunday,8,0.75,29.4,622.0,6240,56,0.0,0,0,57.0,0.75075,3,1
989,Quarter1,sweing,Sunday,6,0.75,18.79,1193.0,3960,45,0.0,0,0,33.0,0.75065101,3,1
990,Quarter1,sweing,Sunday,3,0.75,29.4,1143.0,6840,45,0.0,0,0,57.0,0.750473684,3,1
991,Quarter1,sweing,Sunday,9,0.75,18.79,895.0,6240,34,0.0,0,0,52.0,0.750395513,3,1
992,Quarter1,sweing,Sunday,5,0.6,27.48,549.0,6720,38,0.0,0,0,56.0,0.707446429,3,1
993,Quarter1,sweing,Sunday,10,0.7,21.82,1393.0,5640,30,0.0,0,0,52.0,0.700236601,3,1
994,Quarter1,sweing,Sunday,1,0.6,26.66,1578.0,6840,38,0.0,0,0,57.0,0.700019883,3,1
995,Quarter1,sweing,Sunday,2,0.7,30.33,254.0,1800,0,0.0,0,0,58.0,0.683550607,3,1
996,Quarter1,sweing,Sunday,11,0.8,11.61,347.0,0,50,4.0,20,0,57.0,0.682433036,3,1
997,Quarter1,finishing,Sunday,4,0.6,3.94,,960,0,0.0,0,0,8.0,0.673083333,3,1
998,Quarter1,finishing,Sunday,10,0.7,2.9,,3360,0,0.0,0,0,8.0,0.664583333,3,1
999,Quarter1,sweing,Sunday,4,0.6,26.66,692.0,6840,23,0.0,0,0,57.0,0.600239766,3,1
1000,Quarter1,finishing,Sunday,2,0.7,3.9,,960,0,0.0,0,0,8.0,0.585,3,1
1001,Quarter1,sweing,Sunday,7,0.8,30.1,934.0,6960,0,3.5,15,0,58.0,0.579511494,3,1
1002,Quarter1,finishing,Sunday,1,0.6,3.94,,3360,0,0.0,0,0,8.0,0.448722222,3,1
1003,Quarter1,finishing,Sunday,9,0.75,2.9,,960,0,0.0,0,0,8.0,0.447083333,3,1
1004,Quarter1,finishing,Sunday,7,0.8,4.6,,3360,0,0.0,0,0,8.0,0.350416667,3,1
1005,Quarter1,finishing,Monday,2,0.7,3.9,,1200,0,0.0,0,0,10.0,0.92885,3,2
1006,Quarter1,finishing,Monday,3,0.8,4.6,,10080,0,0.0,0,0,24.0,0.86037037,3,2
1007,Quarter1,finishing,Monday,4,0.65,3.94,,960,0,0.0,0,0,8.0,0.806879167,3,2
1008,Quarter1,sweing,Monday,1,0.65,26.66,1527.0,6840,65,0.0,0,0,57.0,0.800579532,3,2
1009,Quarter1,sweing,Monday,12,0.8,15.26,1035.0,4080,63,0.0,0,0,34.0,0.800401961,3,2
1010,Quarter1,finishing,Monday,9,0.75,2.9,,1200,0,0.0,0,0,10.0,0.8004,3,2
1011,Quarter1,sweing,Monday,11,0.8,11.61,632.0,0,50,0.0,0,0,57.0,0.800309211,3,2
1012,Quarter1,sweing,Monday,3,0.8,29.4,1231.0,4680,50,0.0,0,0,57.0,0.800149813,3,2
1013,Quarter1,sweing,Monday,7,0.8,30.1,616.0,7080,0,0.0,0,0,59.0,0.800115819,3,2
1014,Quarter1,finishing,Monday,8,0.75,4.6,,3360,0,0.0,0,0,8.0,0.773333333,3,2
1015,Quarter1,sweing,Monday,6,0.75,18.79,947.0,2880,34,0.0,0,0,33.0,0.750797009,3,2
1016,Quarter1,sweing,Monday,8,0.75,29.4,551.0,6840,45,0.0,0,0,57.0,0.750473684,3,2
1017,Quarter1,sweing,Monday,9,0.75,18.79,935.0,6240,45,0.0,0,0,52.0,0.750395513,3,2
1018,Quarter1,sweing,Monday,4,0.65,26.66,832.0,6780,55,0.0,0,0,57.0,0.750254867,3,2
1019,Quarter1,sweing,Monday,5,0.65,27.48,544.0,6720,34,0.0,0,0,56.0,0.700903571,3,2
1020,Quarter1,sweing,Monday,10,0.7,21.82,1511.0,3600,30,0.0,0,0,51.0,0.70013604,3,2
1021,Quarter1,finishing,Monday,10,0.7,2.9,,3360,0,0.0,0,0,8.0,0.632361111,3,2
1022,Quarter1,finishing,Monday,12,0.8,4.6,,3780,0,0.0,0,0,9.0,0.607654321,3,2
1023,Quarter1,finishing,Monday,1,0.65,3.94,,3360,0,0.0,0,0,8.0,0.537919444,3,2
1024,Quarter1,finishing,Monday,7,0.8,4.6,,3360,0,0.0,0,0,8.0,0.342361111,3,2
1025,Quarter1,finishing,Tuesday,7,0.8,4.6,,4200,0,0.0,0,0,10.0,0.999533333,3,3
1026,Quarter1,finishing,Tuesday,3,0.8,4.6,,6300,0,0.0,0,0,15.0,0.902962963,3,3
1027,Quarter1,sweing,Tuesday,11,0.8,11.41,601.0,0,50,0.0,0,0,56.0,0.800701754,3,3
1028,Quarter1,sweing,Tuesday,1,0.7,26.66,1562.0,6960,60,0.0,0,0,58.0,0.800566092,3,3
1029,Quarter1,sweing,Tuesday,12,0.8,15.26,983.0,4080,50,0.0,0,0,34.0,0.800401961,3,3
1030,Quarter1,sweing,Tuesday,3,0.8,29.4,1156.0,6840,50,0.0,0,0,57.0,0.800333333,3,3
1031,Quarter1,sweing,Tuesday,7,0.8,30.1,29.0,7080,50,0.0,0,0,59.0,0.800115819,3,3
1032,Quarter1,sweing,Tuesday,4,0.7,26.66,950.0,6960,50,0.0,0,0,58.0,0.750770115,3,3
1033,Quarter1,sweing,Tuesday,8,0.75,29.4,534.0,6840,56,0.0,0,0,57.0,0.750473684,3,3
1034,Quarter1,sweing,Tuesday,9,0.75,18.79,1096.0,6240,34,0.0,0,0,52.0,0.750395513,3,3
1035,Quarter1,sweing,Tuesday,6,0.75,20.2,402.0,3120,45,0.0,0,0,33.0,0.750212553,3,3
1036,Quarter1,finishing,Tuesday,8,0.75,4.6,,3360,0,0.0,0,0,8.0,0.702777778,3,3
1037,Quarter1,sweing,Tuesday,5,0.7,27.48,573.0,6840,30,0.0,0,0,57.0,0.700659649,3,3
1038,Quarter1,sweing,Tuesday,10,0.7,21.82,1313.0,5040,30,0.0,0,0,51.0,0.699984417,3,3
1039,Quarter1,finishing,Tuesday,12,0.8,4.6,,3780,0,0.0,0,0,9.0,0.636049383,3,3
1040,Quarter1,finishing,Tuesday,2,0.4,3.9,,6300,0,0.0,0,0,15.0,0.567377778,3,3
1041,Quarter1,finishing,Tuesday,1,0.7,3.94,,3360,0,0.0,0,0,8.0,0.555430556,3,3
1042,Quarter1,finishing,Tuesday,4,0.7,3.94,,3360,0,0.0,0,0,8.0,0.555430556,3,3
1043,Quarter1,finishing,Tuesday,10,0.7,2.9,,3360,0,0.0,0,0,8.0,0.463194444,3,3
1044,Quarter1,finishing,Tuesday,5,0.7,4.6,,3360,0,0.0,0,0,8.0,0.354444444,3,3
1045,Quarter1,finishing,Tuesday,6,0.75,2.9,,3360,0,0.0,0,0,8.0,0.309333333,3,3
1046,Quarter1,sweing,Tuesday,2,0.4,15.28,157.0,5400,0,6.5,30,1,45.0,0.30277037,3,3
1047,Quarter1,finishing,Wednesday,3,0.8,4.6,,1200,0,0.0,0,0,10.0,0.939166667,3,4
1048,Quarter1,finishing,Wednesday,8,0.8,4.6,,960,0,0.0,0,0,8.0,0.930416667,3,4
1049,Quarter1,finishing,Wednesday,12,0.8,4.6,,1080,0,0.0,0,0,9.0,0.885925926,3,4
1050,Quarter1,finishing,Wednesday,9,0.75,2.9,,960,0,0.0,0,0,8.0,0.83375,3,4
1051,Quarter1,finishing,Wednesday,1,0.7,3.94,,960,0,0.0,0,0,8.0,0.806879167,3,4
1052,Quarter1,finishing,Wednesday,4,0.7,3.94,,960,0,0.0,0,0,8.0,0.806058333,3,4
1053,Quarter1,sweing,Wednesday,11,0.8,11.41,433.0,0,38,0.0,0,0,56.0,0.800701754,3,4
1054,Quarter1,sweing,Wednesday,12,0.8,15.26,961.0,4080,50,0.0,0,0,34.0,0.800401961,3,4
1055,Quarter1,sweing,Wednesday,3,0.8,29.4,1169.0,6840,63,0.0,0,0,57.0,0.800333333,3,4
1056,Quarter1,sweing,Wednesday,7,0.8,30.1,874.0,3960,50,0.0,0,0,59.0,0.800055762,3,4
1057,Quarter1,sweing,Wednesday,4,0.7,26.82,1028.0,6960,60,0.0,0,0,58.0,0.799975862,3,4
1058,Quarter1,sweing,Wednesday,1,0.7,26.82,1772.0,6960,50,0.0,0,0,58.0,0.750651724,3,4
1059,Quarter1,sweing,Wednesday,9,0.75,18.79,1206.0,6240,34,0.0,0,0,52.0,0.750395513,3,4
1060,Quarter1,sweing,Wednesday,5,0.7,27.48,586.0,6960,40,0.0,0,0,58.0,0.700424138,3,4
1061,Quarter1,sweing,Wednesday,10,0.7,21.82,1334.0,5760,30,0.0,0,0,53.0,0.700058333,3,4
1062,Quarter1,finishing,Wednesday,7,0.8,4.6,,8400,0,0.0,0,0,20.0,0.684888889,3,4
1063,Quarter1,finishing,Wednesday,5,0.7,4.6,,960,0,0.0,0,0,8.0,0.592083333,3,4
1064,Quarter1,finishing,Wednesday,2,0.5,3.9,,960,0,0.0,0,0,8.0,0.5403125,3,4
1065,Quarter1,sweing,Wednesday,8,0.8,29.4,30.0,6840,0,0.0,0,0,57.0,0.433263158,3,4
1066,Quarter1,sweing,Wednesday,2,0.5,15.28,261.0,5520,0,0.0,0,1,46.0,0.404144928,3,4
1067,Quarter1,sweing,Wednesday,6,0.75,18.79,52.0,3960,0,0.0,0,0,33.0,0.332146465,3,4
1068,Quarter1,finishing,Thursday,8,0.8,4.6,,2640,0,0.0,0,0,22.0,0.980984848,3,5
1069,Quarter1,finishing,Thursday,2,0.6,3.9,,960,0,0.0,0,0,8.0,0.950625,3,5
1070,Quarter1,finishing,Thursday,11,0.8,2.9,,1200,0,0.0,0,0,10.0,0.927291667,3,5
1071,Quarter1,finishing,Thursday,12,0.8,4.6,,1080,0,0.0,0,0,9.0,0.868888889,3,5
1072,Quarter1,finishing,Thursday,1,0.7,3.94,,960,0,0.0,0,0,8.0,0.812625,3,5
1073,Quarter1,finishing,Thursday,4,0.7,3.94,,960,0,0.0,0,0,8.0,0.812625,3,5
1074,Quarter1,finishing,Thursday,3,0.8,4.6,,1800,0,0.0,0,0,15.0,0.810111111,3,5
1075,Quarter1,sweing,Thursday,11,0.8,11.41,455.0,3420,50,0.0,0,0,56.0,0.800701754,3,5
1076,Quarter1,sweing,Thursday,3,0.8,29.4,797.0,1800,63,0.0,0,0,57.0,0.800534979,3,5
1077,Quarter1,sweing,Thursday,12,0.8,15.26,959.0,4080,50,0.0,0,0,34.0,0.800401961,3,5
1078,Quarter1,sweing,Thursday,1,0.7,26.82,1373.0,6960,50,0.0,0,0,58.0,0.750651724,3,5
1079,Quarter1,sweing,Thursday,9,0.75,18.79,1228.0,6240,45,0.0,0,0,52.0,0.750395513,3,5
1080,Quarter1,sweing,Thursday,4,0.7,26.82,1117.0,7080,50,0.0,0,0,59.0,0.750050847,3,5
1081,Quarter1,sweing,Thursday,5,0.7,27.48,230.0,6960,40,0.0,0,0,58.0,0.700424138,3,5
1082,Quarter1,sweing,Thursday,10,0.7,21.82,1390.0,6000,30,0.0,0,0,50.0,0.700422,3,5
1083,Quarter1,sweing,Thursday,2,0.6,15.28,529.0,1320,0,0.0,0,1,46.0,0.600099145,3,5
1084,Quarter1,finishing,Thursday,9,0.75,2.9,,960,0,0.0,0,0,8.0,0.453125,3,5
1085,Quarter1,sweing,Thursday,7,0.8,30.1,834.0,1200,0,4.0,40,0,59.0,0.366053523,3,5
1086,Quarter1,sweing,Thursday,6,0.35,22.53,1450.0,2640,0,0.0,0,1,39.0,0.26369382,3,5
1087,Quarter1,finishing,Saturday,12,0.8,4.6,,1080,0,0.0,0,0,9.0,0.868888889,3,7
1088,Quarter1,sweing,Saturday,12,0.8,15.26,986.0,4080,75,0.0,0,0,34.0,0.850520588,3,7
1089,Quarter1,sweing,Saturday,1,0.7,26.82,1267.0,8160,70,0.0,0,0,58.0,0.850045,3,7
1090,Quarter1,finishing,Saturday,7,0.8,4.6,,6000,0,0.0,0,0,25.0,0.825444444,3,7
1091,Quarter1,finishing,Saturday,5,0.35,3.94,,2400,0,0.0,0,0,10.0,0.80575,3,7
1092,Quarter1,sweing,Saturday,4,0.7,26.82,1195.0,6960,60,0.0,0,0,58.0,0.800746552,3,7
1093,Quarter1,sweing,Saturday,3,0.8,29.4,983.0,6840,63,0.0,0,1,57.0,0.800578947,3,7
1094,Quarter1,sweing,Saturday,11,0.8,11.41,471.0,3420,50,0.0,0,0,58.0,0.800034503,3,7
1095,Quarter1,finishing,Saturday,6,0.5,2.9,,960,0,0.0,0,0,8.0,0.7975,3,7
1096,Quarter1,sweing,Saturday,9,0.75,18.79,1226.0,3480,45,0.0,0,0,51.0,0.749987124,3,7
1097,Quarter1,sweing,Saturday,10,0.7,21.82,1251.0,6000,30,0.0,0,0,50.0,0.700422,3,7
1098,Quarter1,finishing,Saturday,1,0.7,3.94,,960,0,0.0,0,0,8.0,0.664875,3,7
1099,Quarter1,finishing,Saturday,4,0.7,3.94,,960,0,0.0,0,0,8.0,0.664875,3,7
1100,Quarter1,finishing,Saturday,11,0.8,2.9,,960,0,0.0,0,0,8.0,0.657083333,3,7
1101,Quarter1,sweing,Saturday,2,0.65,16.1,626.0,4200,0,0.0,0,1,45.0,0.65024031,3,7
1102,Quarter1,finishing,Saturday,8,0.8,4.6,,3600,0,0.0,0,0,15.0,0.590740741,3,7
1103,Quarter1,finishing,Saturday,2,0.65,3.9,,1920,0,0.0,0,0,8.0,0.528125,3,7
1104,Quarter1,sweing,Saturday,6,0.5,23.41,1379.0,2280,0,0.0,0,1,39.0,0.500528095,3,7
1105,Quarter1,sweing,Saturday,5,0.7,27.48,541.0,6960,24,0.0,0,1,58.0,0.408960345,3,7
1106,Quarter2,finishing,Sunday,3,0.8,4.6,,1440,0,0.0,0,0,12.0,0.951944444,3,8
1107,Quarter2,finishing,Sunday,12,0.8,4.6,,1080,0,0.0,0,0,9.0,0.945555556,3,8
1108,Quarter2,finishing,Sunday,9,0.75,2.9,,1080,0,0.0,0,0,9.0,0.929074074,3,8
1109,Quarter2,finishing,Sunday,1,0.75,3.94,,960,0,0.0,0,0,8.0,0.890604167,3,8
1110,Quarter2,finishing,Sunday,4,0.75,3.94,,960,0,0.0,0,0,8.0,0.890604167,3,8
1111,Quarter2,finishing,Sunday,2,0.7,3.9,,1200,0,0.0,0,0,10.0,0.884,3,8
1112,Quarter2,finishing,Sunday,5,0.5,3.94,,960,0,0.0,0,0,8.0,0.857916667,3,8
1113,Quarter2,sweing,Sunday,4,0.75,26.82,1082.0,6840,65,0.0,0,0,57.0,0.850084211,3,8
1114,Quarter2,sweing,Sunday,1,0.75,26.82,1254.0,6960,65,0.0,0,0,58.0,0.85007069,3,8
1115,Quarter2,sweing,Sunday,3,0.8,30.1,1278.0,3360,50,0.0,0,1,57.0,0.800511068,3,8
1116,Quarter2,sweing,Sunday,12,0.8,15.26,1064.0,4080,63,0.0,0,0,34.0,0.800401961,3,8
1117,Quarter2,sweing,Sunday,11,0.8,11.41,313.0,3420,50,0.0,0,0,58.0,0.800034503,3,8
1118,Quarter2,finishing,Sunday,11,0.8,2.9,,960,0,0.0,0,0,8.0,0.755208333,3,8
1119,Quarter2,sweing,Sunday,9,0.75,18.79,1239.0,5640,45,0.0,0,0,52.0,0.750371895,3,8
1120,Quarter2,sweing,Sunday,10,0.7,21.82,1335.0,6000,30,0.0,0,0,50.0,0.700422,3,8
1121,Quarter2,sweing,Sunday,2,0.7,16.1,928.0,4800,30,0.0,0,1,45.0,0.700106061,3,8
1122,Quarter2,sweing,Sunday,6,0.6,23.41,1266.0,2520,23,0.0,0,1,38.0,0.601037091,3,8
1123,Quarter2,sweing,Sunday,8,0.6,30.48,869.0,6720,0,0.0,0,1,56.0,0.600528571,3,8
1124,Quarter2,sweing,Sunday,5,0.5,26.82,711.0,7080,23,0.0,0,1,59.0,0.500033898,3,8
1125,Quarter2,finishing,Sunday,8,0.6,3.9,,960,0,0.0,0,0,8.0,0.4509375,3,8
1126,Quarter2,finishing,Sunday,10,0.7,2.9,,960,0,0.0,0,0,8.0,0.441041667,3,8
1127,Quarter2,finishing,Sunday,6,0.6,2.9,,960,0,0.0,0,0,8.0,0.271875,3,8
1128,Quarter2,finishing,Monday,11,0.8,2.9,,0,960,0.0,0,0,8.0,0.960625,3,9
1129,Quarter2,finishing,Monday,12,0.8,4.6,,0,1080,0.0,0,0,9.0,0.902962963,3,9
1130,Quarter2,finishing,Monday,5,0.6,3.94,,0,2880,0.0,0,0,12.0,0.864342593,3,9
1131,Quarter2,sweing,Monday,4,0.75,26.82,1079.0,7020,65,0.0,0,0,58.0,0.850446154,3,9
1132,Quarter2,sweing,Monday,1,0.75,26.82,1322.0,7140,65,0.0,0,0,59.0,0.850426891,3,9
1133,Quarter2,finishing,Monday,9,0.75,2.9,,0,3600,0.0,0,0,15.0,0.841,3,9
1134,Quarter2,sweing,Monday,3,0.8,30.1,964.0,5160,50,0.0,0,1,58.0,0.800842424,3,9
1135,Quarter2,sweing,Monday,12,0.8,15.26,1132.0,4080,63,0.0,0,0,34.0,0.800401961,3,9
1136,Quarter2,sweing,Monday,11,0.8,11.41,357.0,3420,50,0.0,0,0,58.0,0.800034503,3,9
1137,Quarter2,finishing,Monday,3,0.8,4.6,,0,1440,0.0,0,0,12.0,0.795416667,3,9
1138,Quarter2,finishing,Monday,4,0.75,3.94,,0,960,0.0,0,0,8.0,0.7953875,3,9
1139,Quarter2,finishing,Monday,1,0.75,3.94,,0,960,0.0,0,0,8.0,0.794566667,3,9
1140,Quarter2,sweing,Monday,9,0.75,18.79,1193.0,6240,45,0.0,0,0,52.0,0.750395513,3,9
1141,Quarter2,sweing,Monday,2,0.7,16.1,817.0,5520,30,0.0,0,1,45.0,0.700516224,3,9
1142,Quarter2,sweing,Monday,10,0.7,21.82,1576.0,6000,30,0.0,0,0,50.0,0.700422,3,9
1143,Quarter2,finishing,Monday,2,0.7,3.9,,0,1200,0.0,0,0,10.0,0.6825,3,9
1144,Quarter2,sweing,Monday,6,0.65,23.41,1262.0,4560,35,0.0,0,1,38.0,0.650962281,3,9
1145,Quarter2,sweing,Monday,8,0.65,30.48,953.0,6720,26,0.0,0,1,56.0,0.650421429,3,9
1146,Quarter2,sweing,Monday,5,0.6,26.82,919.0,7080,23,0.0,0,1,59.0,0.600040678,3,9
1147,Quarter2,sweing,Monday,7,0.5,30.48,1161.0,6600,0,0.0,0,1,55.0,0.500610909,3,9
1148,Quarter2,finishing,Monday,10,0.7,2.9,,0,960,0.0,0,0,8.0,0.477291667,3,9
1149,Quarter2,finishing,Monday,8,0.65,3.9,,0,960,0.0,0,0,8.0,0.2640625,3,9
1150,Quarter2,finishing,Tuesday,12,0.8,4.6,,1080,0,0.0,0,0,9.0,0.92,3,10
1151,Quarter2,finishing,Tuesday,5,0.6,3.94,,1440,0,0.0,0,0,12.0,0.909391667,3,10
1152,Quarter2,sweing,Tuesday,1,0.75,26.82,1574.0,7080,75,0.0,0,0,59.0,0.900061017,3,10
1153,Quarter2,finishing,Tuesday,3,0.8,4.6,,1440,0,0.0,0,0,12.0,0.894444444,3,10
1154,Quarter2,finishing,Tuesday,4,0.75,3.94,,960,0,0.0,0,0,8.0,0.881575,3,10
1155,Quarter2,finishing,Tuesday,1,0.75,3.94,,960,0,0.0,0,0,8.0,0.880754167,3,10
1156,Quarter2,sweing,Tuesday,4,0.75,26.82,1104.0,5880,65,0.0,0,0,59.0,0.850084211,3,10
1157,Quarter2,finishing,Tuesday,9,0.75,2.9,,1800,0,0.0,0,0,15.0,0.821666667,3,10
1158,Quarter2,sweing,Tuesday,12,0.8,15.26,1069.0,4080,63,0.0,0,0,34.0,0.800401961,3,10
1159,Quarter2,sweing,Tuesday,3,0.8,30.1,756.0,6960,63,0.0,0,1,58.0,0.800071839,3,10
1160,Quarter2,sweing,Tuesday,11,0.8,11.41,338.0,3420,50,0.0,0,0,58.0,0.800034503,3,10
1161,Quarter2,finishing,Tuesday,11,0.8,2.9,,960,0,0.0,0,0,8.0,0.758229167,3,10
1162,Quarter2,sweing,Tuesday,10,0.75,21.82,1499.0,6000,34,0.0,0,0,50.0,0.750608,3,10
1163,Quarter2,sweing,Tuesday,9,0.75,18.79,1247.0,6240,45,0.0,0,0,52.0,0.750395513,3,10
1164,Quarter2,finishing,Tuesday,2,0.7,3.9,,960,0,0.0,0,0,8.0,0.741,3,10
1165,Quarter2,sweing,Tuesday,8,0.7,30.48,923.0,6840,30,0.0,0,1,57.0,0.700505263,3,10
1166,Quarter2,sweing,Tuesday,6,0.7,23.41,1180.0,4560,30,0.0,0,1,38.0,0.700246491,3,10
1167,Quarter2,sweing,Tuesday,2,0.7,16.1,957.0,5400,40,0.0,0,1,45.0,0.700051852,3,10
1168,Quarter2,sweing,Tuesday,5,0.65,26.82,1001.0,7080,26,0.0,0,1,59.0,0.650044068,3,10
1169,Quarter2,sweing,Tuesday,7,0.6,30.48,1017.0,6840,25,0.0,0,1,57.0,0.630402924,3,10
1170,Quarter2,finishing,Tuesday,8,0.65,3.9,,960,0,0.0,0,0,8.0,0.560625,3,10
1171,Quarter2,finishing,Tuesday,7,0.5,3.9,,960,0,0.0,0,0,8.0,0.560625,3,10
1172,Quarter2,finishing,Tuesday,10,0.7,2.9,,960,0,0.0,0,0,8.0,0.39875,3,10
1173,Quarter2,finishing,Wednesday,12,0.8,4.6,,2160,0,0.0,0,0,9.0,0.922839506,3,11
1174,Quarter2,finishing,Wednesday,11,0.8,2.9,,2400,0,0.0,0,0,10.0,0.874027778,3,11
1175,Quarter2,finishing,Wednesday,2,0.75,3.9,,1920,0,0.0,0,0,8.0,0.819270833,3,11
1176,Quarter2,finishing,Wednesday,4,0.75,3.94,,1920,0,0.0,0,0,8.0,0.813309028,3,11
1177,Quarter2,finishing,Wednesday,1,0.75,3.94,,1920,0,0.0,0,0,8.0,0.812625,3,11
1178,Quarter2,sweing,Wednesday,12,0.8,15.26,470.0,4080,63,0.0,0,0,34.0,0.800401961,3,11
1179,Quarter2,sweing,Wednesday,3,0.8,30.1,735.0,6960,63,0.0,0,1,58.0,0.800071839,3,11
1180,Quarter2,sweing,Wednesday,11,0.8,11.41,560.0,3420,50,0.0,0,0,58.0,0.800034503,3,11
1181,Quarter2,finishing,Wednesday,3,0.8,4.6,,1920,0,0.0,0,0,8.0,0.786631944,3,11
1182,Quarter2,finishing,Wednesday,5,0.7,3.94,,1440,0,0.0,0,0,12.0,0.75885,3,11
1183,Quarter2,sweing,Wednesday,10,0.75,21.82,1674.0,6000,34,0.0,0,0,50.0,0.750608,3,11
1184,Quarter2,sweing,Wednesday,9,0.75,18.79,290.0,5040,45,0.0,0,0,52.0,0.750347333,3,11
1185,Quarter2,sweing,Wednesday,2,0.75,16.1,971.0,5400,45,0.0,0,1,45.0,0.750140741,3,11
1186,Quarter2,sweing,Wednesday,1,0.75,26.82,1322.0,7080,45,0.0,0,0,59.0,0.750050847,3,11
1187,Quarter2,sweing,Wednesday,4,0.75,26.82,1054.0,7080,45,0.0,0,0,59.0,0.750050847,3,11
1188,Quarter2,sweing,Wednesday,5,0.7,26.82,992.0,6960,30,0.0,0,1,58.0,0.700556897,3,11
1189,Quarter2,sweing,Wednesday,8,0.7,30.48,914.0,6840,30,0.0,0,1,57.0,0.700505263,3,11
1190,Quarter2,sweing,Wednesday,6,0.7,23.41,1128.0,4560,40,0.0,0,1,38.0,0.700246491,3,11
1191,Quarter2,sweing,Wednesday,7,0.65,30.48,935.0,6840,26,0.0,0,1,57.0,0.650596491,3,11
1192,Quarter2,finishing,Wednesday,10,0.75,2.9,,960,0,0.0,0,0,8.0,0.628333333,3,11
1193,Quarter2,finishing,Wednesday,8,0.7,3.9,,960,0,0.0,0,0,8.0,0.625625,3,11
1194,Quarter2,finishing,Wednesday,7,0.65,3.9,,960,0,0.0,0,0,8.0,0.625625,3,11
1195,Quarter2,finishing,Wednesday,9,0.75,2.9,,1800,0,0.0,0,0,15.0,0.505888889,3,11
1196,Quarter2,finishing,Wednesday,6,0.7,2.9,,720,0,0.0,0,0,6.0,0.394722222,3,11
